chromium-efl-1.1.144-1.armv7l/usr/share/chromium-efl/lib/libnode.so	_ZN4node12wasm_web_api19WasmStreamingObject6CreateEPNS_11EnvironmentESt10shared_ptrIN2v813WasmStreamingEE
chromium-efl-1.1.144-1.armv7l/usr/share/chromium-efl/lib/libnode.so	_ZN4node13GetNodeReportEPN2v87IsolateEPKcS4_NS0_5LocalINS0_5ValueEEERSo
chromium-efl-1.1.144-1.armv7l/usr/share/chromium-efl/lib/libnode.so	_ZN4node13GetNodeReportEPNS_11EnvironmentEPKcS3_N2v85LocalINS4_5ValueEEERSo
chromium-efl-1.1.144-1.armv7l/usr/share/chromium-efl/lib/libnode.so	_ZN4node15LoadEnvironmentEPNS_11EnvironmentESt17basic_string_viewIcSt11char_traitsIcEESt8functionIFvS1_N2v85LocalINS7_5ValueEEESA_EE
chromium-efl-1.1.144-1.armv7l/usr/share/chromium-efl/lib/libnode.so	_ZN4node15LoadEnvironmentEPNS_11EnvironmentESt8functionIFN2v810MaybeLocalINS3_5ValueEEERKNS_26StartExecutionCallbackInfoEEES2_IFvS1_NS3_5LocalIS5_EESD_EE
chromium-efl-1.1.144-1.armv7l/usr/share/chromium-efl/lib/libnode.so	_ZN4node17CreateEnvironmentEPNS_11IsolateDataEN2v85LocalINS2_7ContextEEERKSt6vectorINSt7__cxx1112basic_stringIcSt11char_traitsIcESaIcEEESaISC_EESG_NS_16EnvironmentFlags5FlagsENS_8ThreadIdESt10unique_ptrINS_21InspectorParentHandleESt14default_deleteISL_EE
chromium-efl-1.1.144-1.armv7l/usr/share/chromium-efl/lib/libnode.so	_ZN4node17CreateEnvironmentEPNS_11IsolateDataEN2v85LocalINS2_7ContextEEERKSt6vectorINSt7__cxx1112basic_stringIcSt11char_traitsIcESaIcEEESaISC_EESG_NS_16EnvironmentFlags5FlagsENS_8ThreadIdESt10unique_ptrINS_21InspectorParentHandleESt14default_deleteISL_EESt17basic_string_viewIcSA_E
chromium-efl-1.1.144-1.armv7l/usr/share/chromium-efl/lib/libnode.so	_ZN4node20SnapshotDeserializer4ReadINS_10AsyncHooks13SerializeInfoETnPNSt9enable_ifIXntsr3std7is_sameIT_NSt7__cxx1112basic_stringIcSt11char_traitsIcESaIcEEEEE5valueEvE4typeELPv0ETnPNS4_IXntsr3std13is_arithmeticIS5_EE5valueEvE4typeELSF_0EEES5_v
chromium-efl-1.1.144-1.armv7l/usr/share/chromium-efl/lib/libnode.so	_ZN4node20SnapshotDeserializer4ReadINS_8builtins13CodeCacheInfoETnPNSt9enable_ifIXntsr3std7is_sameIT_NSt7__cxx1112basic_stringIcSt11char_traitsIcESaIcEEEEE5valueEvE4typeELPv0ETnPNS4_IXntsr3std13is_arithmeticIS5_EE5valueEvE4typeELSF_0EEES5_v
chromium-efl-1.1.144-1.armv7l/usr/share/chromium-efl/lib/libnode.so	_ZN4node21SetProcessExitHandlerEPNS_11EnvironmentEOSt8functionIFvS1_NS_8ExitCodeEEE
chromium-efl-1.1.144-1.armv7l/usr/share/chromium-efl/lib/libnode.so	_ZN4node21SetProcessExitHandlerEPNS_11EnvironmentEOSt8functionIFvS1_iEE
chromium-efl-1.1.144-1.armv7l/usr/share/chromium-efl/lib/libnode.so	_ZN4node22NodeRuntimeEnvironment11SetDelegateESt10unique_ptrINS_15RuntimeDelegateESt14default_deleteIS2_EE
chromium-efl-1.1.144-1.armv7l/usr/share/chromium-efl/lib/libnode.so	_ZN4node24InitializeOncePerProcessERKSt6vectorINSt7__cxx1112basic_stringIcSt11char_traitsIcESaIcEEESaIS6_EENS_26ProcessInitializationFlags5FlagsE
chromium-efl-1.1.144-1.armv7l/usr/share/chromium-efl/lib/libnode.so	_ZN4node25ProcessEmitWarningGenericEPNS_11EnvironmentESt17basic_string_viewIcSt11char_traitsIcEES5_S5_
chromium-efl-1.1.144-1.armv7l/usr/share/chromium-efl/lib/libnode.so	_ZN4node7tracing15NodeTraceWriter11WriteToFileEONSt7__cxx1112basic_stringIcSt11char_traitsIcESaIcEEEi
chromium-efl-1.1.144-1.armv7l/usr/share/chromium-efl/lib/libnode.so	_ZN4node7tracing15NodeTraceWriterC1ERKNSt7__cxx1112basic_stringIcSt11char_traitsIcESaIcEEE
chromium-efl-1.1.144-1.armv7l/usr/share/chromium-efl/lib/libnode.so	_ZN4node7tracing15NodeTraceWriterC2ERKNSt7__cxx1112basic_stringIcSt11char_traitsIcESaIcEEE
chromium-efl-1.1.144-1.armv7l/usr/share/chromium-efl/lib/libnode.so	_ZN4node7tracing17replace_substringEPNSt7__cxx1112basic_stringIcSt11char_traitsIcESaIcEEERKS6_S9_
chromium-efl-1.1.144-1.armv7l/usr/share/chromium-efl/lib/libnode.so	_ZN4node7tracing5Agent6EnableEiRKSt3setINSt7__cxx1112basic_stringIcSt11char_traitsIcESaIcEEESt4lessIS8_ESaIS8_EE
chromium-efl-1.1.144-1.armv7l/usr/share/chromium-efl/lib/libnode.so	_ZN4node7tracing5Agent7DisableEiRKSt3setINSt7__cxx1112basic_stringIcSt11char_traitsIcESaIcEEESt4lessIS8_ESaIS8_EE
chromium-efl-1.1.144-1.armv7l/usr/share/chromium-efl/lib/libnode.so	_ZN4node7tracing5Agent9AddClientERKSt3setINSt7__cxx1112basic_stringIcSt11char_traitsIcESaIcEEESt4lessIS8_ESaIS8_EESt10unique_ptrINS0_16AsyncTraceWriterESt14default_deleteISG_EENS1_22UseDefaultCategoryModeE
chromium-efl-1.1.144-1.armv7l/usr/share/chromium-efl/lib/libnode.so	_ZN4node8builtins13BuiltinLoader16RefreshCodeCacheERKSt6vectorINS0_13CodeCacheInfoESaIS3_EE
chromium-efl-1.1.144-1.armv7l/usr/share/chromium-efl/lib/libnode.so	_ZN4node8builtins13BuiltinLoader34CompileAllBuiltinsAndCopyCodeCacheEN2v85LocalINS2_7ContextEEERKSt6vectorINSt7__cxx1112basic_stringIcSt11char_traitsIcESaIcEEESaISC_EEPS6_INS0_13CodeCacheInfoESaISH_EE
chromium-efl-1.1.144-1.armv7l/usr/share/chromium-efl/lib/libnode.so	_ZNK4node7tracing11TracedValue19AppendAsTraceFormatEPNSt7__cxx1112basic_stringIcSt11char_traitsIcESaIcEEE
chromium-efl-1.1.144-1.armv7l/usr/share/chromium-efl/lib/libnode.so	_ZNK4node7tracing5Agent20GetEnabledCategoriesB5cxx11Ev
chromium-efl-1.1.144-1.armv7l/usr/share/chromium-efl/lib/libnode.so	_ZNK4node8builtins13BuiltinLoader13GetBuiltinIdsB5cxx11Ev
chromium-efl-1.1.144-1.armv7l/usr/share/chromium-efl/lib/libv8.so	_Z35_v8_internal_Print_Object_To_StringB5cxx11Pv
chromium-efl-1.1.144-1.armv7l/usr/share/chromium-efl/lib/libv8.so	_ZGVZNKSt8__detail11_AnyMatcherINSt7__cxx1112regex_traitsIcEELb0ELb0ELb0EEclEcE5__nul
chromium-efl-1.1.144-1.armv7l/usr/share/chromium-efl/lib/libv8.so	_ZGVZNKSt8__detail11_AnyMatcherINSt7__cxx1112regex_traitsIcEELb0ELb0ELb1EEclEcE5__nul
chromium-efl-1.1.144-1.armv7l/usr/share/chromium-efl/lib/libv8.so	_ZGVZNKSt8__detail11_AnyMatcherINSt7__cxx1112regex_traitsIcEELb0ELb1ELb0EEclEcE5__nul
chromium-efl-1.1.144-1.armv7l/usr/share/chromium-efl/lib/libv8.so	_ZGVZNKSt8__detail11_AnyMatcherINSt7__cxx1112regex_traitsIcEELb0ELb1ELb1EEclEcE5__nul
chromium-efl-1.1.144-1.armv7l/usr/share/chromium-efl/lib/libv8.so	_ZN12v8_inspector12V8DebuggerIdC1ESt4pairIxxE
chromium-efl-1.1.144-1.armv7l/usr/share/chromium-efl/lib/libv8.so	_ZN12v8_inspector12V8DebuggerIdC2ESt4pairIxxE
chromium-efl-1.1.144-1.armv7l/usr/share/chromium-efl/lib/libv8.so	_ZN12v8_inspector14V8StackTraceIdC1EjSt4pairIxxE
chromium-efl-1.1.144-1.armv7l/usr/share/chromium-efl/lib/libv8.so	_ZN12v8_inspector14V8StackTraceIdC1EjSt4pairIxxEb
chromium-efl-1.1.144-1.armv7l/usr/share/chromium-efl/lib/libv8.so	_ZN12v8_inspector14V8StackTraceIdC2EjSt4pairIxxE
chromium-efl-1.1.144-1.armv7l/usr/share/chromium-efl/lib/libv8.so	_ZN12v8_inspector14V8StackTraceIdC2EjSt4pairIxxEb
chromium-efl-1.1.144-1.armv7l/usr/share/chromium-efl/lib/libv8.so	_ZN2v811ArrayBuffer3NewEPNS_7IsolateESt10shared_ptrINS_12BackingStoreEE
chromium-efl-1.1.144-1.armv7l/usr/share/chromium-efl/lib/libv8.so	_ZN2v811CpuProfiler13CollectSampleEPNS_7IsolateESt8optionalIyE
chromium-efl-1.1.144-1.armv7l/usr/share/chromium-efl/lib/libv8.so	_ZN2v811CpuProfiler14StartProfilingENS_5LocalINS_6StringEEENS_19CpuProfilingOptionsESt10unique_ptrINS_24DiscardedSamplesDelegateESt14default_deleteIS6_EE
chromium-efl-1.1.144-1.armv7l/usr/share/chromium-efl/lib/libv8.so	_ZN2v811CpuProfiler5StartENS_19CpuProfilingOptionsESt10unique_ptrINS_24DiscardedSamplesDelegateESt14default_deleteIS3_EE
chromium-efl-1.1.144-1.armv7l/usr/share/chromium-efl/lib/libv8.so	_ZN2v811CpuProfiler5StartENS_5LocalINS_6StringEEENS_19CpuProfilingOptionsESt10unique_ptrINS_24DiscardedSamplesDelegateESt14default_deleteIS6_EE
chromium-efl-1.1.144-1.armv7l/usr/share/chromium-efl/lib/libv8.so	_ZN2v812HeapProfiler12QueryObjectsENS_5LocalINS_7ContextEEEPNS_20QueryObjectPredicateEPSt6vectorINS_6GlobalINS_6ObjectEEESaIS9_EE
chromium-efl-1.1.144-1.armv7l/usr/share/chromium-efl/lib/libv8.so	_ZN2v813WasmStreaming39SetMoreFunctionsCanBeSerializedCallbackESt8functionIFvNS_18CompiledWasmModuleEEE
chromium-efl-1.1.144-1.armv7l/usr/share/chromium-efl/lib/libv8.so	_ZN2v813WasmStreaming6FinishERKSt8functionIFvRNS0_22ModuleCachingInterfaceEEE
chromium-efl-1.1.144-1.armv7l/usr/share/chromium-efl/lib/libv8.so	_ZN2v813WasmStreamingC1ESt10unique_ptrINS0_17WasmStreamingImplESt14default_deleteIS2_EE
chromium-efl-1.1.144-1.armv7l/usr/share/chromium-efl/lib/libv8.so	_ZN2v813WasmStreamingC2ESt10unique_ptrINS0_17WasmStreamingImplESt14default_deleteIS2_EE
chromium-efl-1.1.144-1.armv7l/usr/share/chromium-efl/lib/libv8.so	_ZN2v814ScriptCompiler14StreamedSourceC1ESt10unique_ptrINS0_20ExternalSourceStreamESt14default_deleteIS3_EENS1_8EncodingE
chromium-efl-1.1.144-1.armv7l/usr/share/chromium-efl/lib/libv8.so	_ZN2v814ScriptCompiler14StreamedSourceC2ESt10unique_ptrINS0_20ExternalSourceStreamESt14default_deleteIS3_EENS1_8EncodingE
chromium-efl-1.1.144-1.armv7l/usr/share/chromium-efl/lib/libv8.so	_ZN2v814ScriptCompiler20ConsumeCodeCacheTaskC1ESt10unique_ptrINS_8internal25BackgroundDeserializeTaskESt14default_deleteIS4_EE
chromium-efl-1.1.144-1.armv7l/usr/share/chromium-efl/lib/libv8.so	_ZN2v814ScriptCompiler20ConsumeCodeCacheTaskC2ESt10unique_ptrINS_8internal25BackgroundDeserializeTaskESt14default_deleteIS4_EE
chromium-efl-1.1.144-1.armv7l/usr/share/chromium-efl/lib/libv8.so	_ZN2v814ScriptCompiler23StartConsumingCodeCacheEPNS_7IsolateESt10unique_ptrINS0_10CachedDataESt14default_deleteIS4_EE
chromium-efl-1.1.144-1.armv7l/usr/share/chromium-efl/lib/libv8.so	_ZN2v814ScriptCompiler35StartConsumingCodeCacheOnBackgroundEPNS_7IsolateESt10unique_ptrINS0_10CachedDataESt14default_deleteIS4_EE
chromium-efl-1.1.144-1.armv7l/usr/share/chromium-efl/lib/libv8.so	_ZN2v817RegisterExtensionESt10unique_ptrINS_9ExtensionESt14default_deleteIS1_EE
chromium-efl-1.1.144-1.armv7l/usr/share/chromium-efl/lib/libv8.so	_ZN2v817SharedArrayBuffer3NewEPNS_7IsolateESt10shared_ptrINS_12BackingStoreEE
chromium-efl-1.1.144-1.armv7l/usr/share/chromium-efl/lib/libv8.so	_ZN2v818CompiledWasmModuleC1ESt10shared_ptrINS_8internal4wasm12NativeModuleEENSt7__cxx1112basic_stringIcSt11char_traitsIcESaIcEEE
chromium-efl-1.1.144-1.armv7l/usr/share/chromium-efl/lib/libv8.so	_ZN2v818CompiledWasmModuleC2ESt10shared_ptrINS_8internal4wasm12NativeModuleEENSt7__cxx1112basic_stringIcSt11char_traitsIcESaIcEEE
chromium-efl-1.1.144-1.armv7l/usr/share/chromium-efl/lib/libv8.so	_ZN2v818DictionaryTemplate3NewEPNS_7IsolateENS_10MemorySpanIKSt17basic_string_viewIcSt11char_traitsIcEEEE
chromium-efl-1.1.144-1.armv7l/usr/share/chromium-efl/lib/libv8.so	_ZN2v821WasmModuleCompilation39SetMoreFunctionsCanBeSerializedCallbackESt8functionIFvNS_18CompiledWasmModuleEEE
chromium-efl-1.1.144-1.armv7l/usr/share/chromium-efl/lib/libv8.so	_ZN2v821WasmModuleCompilation6FinishEPNS_7IsolateERKSt8functionIFvRNS_13WasmStreaming22ModuleCachingInterfaceEEERKS3_IFvSt7variantIJNS_5LocalINS_16WasmModuleObjectEEENSC_INS_5ValueEEEEEEE
chromium-efl-1.1.144-1.armv7l/usr/share/chromium-efl/lib/libv8.so	_ZN2v84JSON5ParseENS_5LocalINS_7ContextEEENS1_INS_6StringEEESt8optionalINS_12ScriptOriginEE
chromium-efl-1.1.144-1.armv7l/usr/share/chromium-efl/lib/libv8.so	_ZN2v85Array3NewENS_5LocalINS_7ContextEEEjSt8functionIFNS_10MaybeLocalINS_5ValueEEEvEE
chromium-efl-1.1.144-1.armv7l/usr/share/chromium-efl/lib/libv8.so	_ZN2v85debug16GetLoadedScriptsEPNS_7IsolateERSt6vectorINS_6GlobalINS0_6ScriptEEESaIS6_EE
chromium-efl-1.1.144-1.armv7l/usr/share/chromium-efl/lib/libv8.so	_ZN2v85debug8Coverage10ScriptDataC1EjSt10shared_ptrINS_8internal8CoverageEE
chromium-efl-1.1.144-1.armv7l/usr/share/chromium-efl/lib/libv8.so	_ZN2v85debug8Coverage10ScriptDataC2EjSt10shared_ptrINS_8internal8CoverageEE
chromium-efl-1.1.144-1.armv7l/usr/share/chromium-efl/lib/libv8.so	_ZN2v87CppHeap36CollectCustomSpaceStatisticsAtLastGCESt6vectorIN5cppgc16CustomSpaceIndexESaIS3_EESt10unique_ptrINS_29CustomSpaceStatisticsReceiverESt14default_deleteIS7_EE
chromium-efl-1.1.144-1.armv7l/usr/share/chromium-efl/lib/libv8.so	_ZN2v87Isolate13MeasureMemoryESt10unique_ptrINS_21MeasureMemoryDelegateESt14default_deleteIS2_EENS_22MeasureMemoryExecutionE
chromium-efl-1.1.144-1.armv7l/usr/share/chromium-efl/lib/libv8.so	_ZN2v87Isolate16GetDefaultLocaleB5cxx11Ev
chromium-efl-1.1.144-1.armv7l/usr/share/chromium-efl/lib/libv8.so	_ZN2v87Isolate18SetMetricsRecorderERKSt10shared_ptrINS_7metrics8RecorderEE
chromium-efl-1.1.144-1.armv7l/usr/share/chromium-efl/lib/libv8.so	_ZN2v87Isolate19RetryCustomAllocateESt8functionIFbvEE
chromium-efl-1.1.144-1.armv7l/usr/share/chromium-efl/lib/libv8.so	_ZN2v87Isolate22SetAddCrashKeyCallbackEPFvNS_10CrashKeyIdERKNSt7__cxx1112basic_stringIcSt11char_traitsIcESaIcEEEE
chromium-efl-1.1.144-1.armv7l/usr/share/chromium-efl/lib/libv8.so	_ZN2v87Isolate26SetCrashKeyStringCallbacksESt8functionIFPvPKcNS_12CrashKeySizeEEES1_IFvS2_St17basic_string_viewIcSt11char_traitsIcEEEE
chromium-efl-1.1.144-1.armv7l/usr/share/chromium-efl/lib/libv8.so	_ZN2v87Isolate35SetReleaseCppHeapCallbackForTestingEPFvSt10unique_ptrINS_7CppHeapESt14default_deleteIS2_EEE
chromium-efl-1.1.144-1.armv7l/usr/share/chromium-efl/lib/libv8.so	_ZN2v87Isolate38ValidateAndCanonicalizeUnicodeLocaleIdB5cxx11ESt17basic_string_viewIcSt11char_traitsIcEE
chromium-efl-1.1.144-1.armv7l/usr/share/chromium-efl/lib/libv8.so	_ZN2v87Message22PrintCurrentStackTraceEPNS_7IsolateERSoPFbS2_NS_5LocalINS_6StringEEEE
chromium-efl-1.1.144-1.armv7l/usr/share/chromium-efl/lib/libv8.so	_ZN2v87sampler11AtomicGuardC1EPSt6atomicIbEb
chromium-efl-1.1.144-1.armv7l/usr/share/chromium-efl/lib/libv8.so	_ZN2v87sampler11AtomicGuardC2EPSt6atomicIbEb
chromium-efl-1.1.144-1.armv7l/usr/share/chromium-efl/lib/libv8.so	_ZN2v88internal10CpuProfileC1EPNS0_11CpuProfilerEjPKcNS_19CpuProfilingOptionsESt10unique_ptrINS_24DiscardedSamplesDelegateESt14default_deleteIS8_EE
chromium-efl-1.1.144-1.armv7l/usr/share/chromium-efl/lib/libv8.so	_ZN2v88internal10CpuProfileC2EPNS0_11CpuProfilerEjPKcNS_19CpuProfilingOptionsESt10unique_ptrINS_24DiscardedSamplesDelegateESt14default_deleteIS8_EE
chromium-efl-1.1.144-1.armv7l/usr/share/chromium-efl/lib/libv8.so	_ZN2v88internal10HeapNumber20HeapNumberShortPrintERSo
chromium-efl-1.1.144-1.armv7l/usr/share/chromium-efl/lib/libv8.so	_ZN2v88internal10JSCollator19GetAvailableLocalesB5cxx11Ev
chromium-efl-1.1.144-1.armv7l/usr/share/chromium-efl/lib/libv8.so	_ZN2v88internal10RegExpTree5PrintERSoPNS0_4ZoneE
chromium-efl-1.1.144-1.armv7l/usr/share/chromium-efl/lib/libv8.so	_ZN2v88internal10ShortPrintENS0_6TaggedINS0_6ObjectEEERSo
chromium-efl-1.1.144-1.armv7l/usr/share/chromium-efl/lib/libv8.so	_ZN2v88internal10ShortPrintILNS0_23HeapObjectReferenceTypeE0EjEEvNS0_10TaggedImplIXT_ET0_EERSo
chromium-efl-1.1.144-1.armv7l/usr/share/chromium-efl/lib/libv8.so	_ZN2v88internal10ShortPrintILNS0_23HeapObjectReferenceTypeE1EjEEvNS0_10TaggedImplIXT_ET0_EERSo
chromium-efl-1.1.144-1.armv7l/usr/share/chromium-efl/lib/libv8.so	_ZN2v88internal10TickSample4InitEPNS0_7IsolateERKNS_13RegisterStateENS1_17RecordCEntryFrameEbbNS_4base9TimeDeltaESt8optionalIyE
chromium-efl-1.1.144-1.armv7l/usr/share/chromium-efl/lib/libv8.so	_ZN2v88internal10WasmScript22GetPossibleBreakpointsEPNS0_4wasm12NativeModuleERKNS_5debug8LocationES8_PSt6vectorINS5_13BreakLocationESaISA_EE
chromium-efl-1.1.144-1.armv7l/usr/share/chromium-efl/lib/libv8.so	_ZN2v88internal11CpuProfiler13CollectSampleEPNS0_7IsolateESt8optionalIyE
chromium-efl-1.1.144-1.armv7l/usr/share/chromium-efl/lib/libv8.so	_ZN2v88internal11CpuProfiler13CollectSampleESt8optionalIyE
chromium-efl-1.1.144-1.armv7l/usr/share/chromium-efl/lib/libv8.so	_ZN2v88internal11CpuProfiler14StartProfilingENS0_6TaggedINS0_6StringEEENS_19CpuProfilingOptionsESt10unique_ptrINS_24DiscardedSamplesDelegateESt14default_deleteIS7_EE
chromium-efl-1.1.144-1.armv7l/usr/share/chromium-efl/lib/libv8.so	_ZN2v88internal11CpuProfiler14StartProfilingENS_19CpuProfilingOptionsESt10unique_ptrINS_24DiscardedSamplesDelegateESt14default_deleteIS4_EE
chromium-efl-1.1.144-1.armv7l/usr/share/chromium-efl/lib/libv8.so	_ZN2v88internal11CpuProfiler14StartProfilingEPKcNS_19CpuProfilingOptionsESt10unique_ptrINS_24DiscardedSamplesDelegateESt14default_deleteIS6_EE
chromium-efl-1.1.144-1.armv7l/usr/share/chromium-efl/lib/libv8.so	_ZN2v88internal11FactoryBaseINS0_12LocalFactoryEE25NewStringFromAsciiCheckedESt17basic_string_viewIcSt11char_traitsIcEENS0_14AllocationTypeE
chromium-efl-1.1.144-1.armv7l/usr/share/chromium-efl/lib/libv8.so	_ZN2v88internal11FactoryBaseINS0_7FactoryEE25NewStringFromAsciiCheckedESt17basic_string_viewIcSt11char_traitsIcEENS0_14AllocationTypeE
chromium-efl-1.1.144-1.armv7l/usr/share/chromium-efl/lib/libv8.so	_ZN2v88internal11JSSegmenter19GetAvailableLocalesB5cxx11Ev
chromium-efl-1.1.144-1.armv7l/usr/share/chromium-efl/lib/libv8.so	_ZN2v88internal11ProfileTree14AddPathFromEndERKSt6vectorINS0_20CodeEntryAndPositionESaIS3_EENS0_13LineAndColumnEbNS_16CpuProfilingModeE
chromium-efl-1.1.144-1.armv7l/usr/share/chromium-efl/lib/libv8.so	_ZN2v88internal11ProfileTree14AddPathFromEndERKSt6vectorIPNS0_9CodeEntryESaIS4_EENS0_13LineAndColumnEb
chromium-efl-1.1.144-1.armv7l/usr/share/chromium-efl/lib/libv8.so	_ZN2v88internal11StringTable4Data6ResizeENS0_16PtrComprCageBaseESt10unique_ptrIS2_St14default_deleteIS2_EEi
chromium-efl-1.1.144-1.armv7l/usr/share/chromium-efl/lib/libv8.so	_ZN2v88internal11interpreter13SwitchBuilder21EmitJumpTableIfExistsEiiRSt3mapIiPNS0_10CaseClauseESt4lessIiESaISt4pairIKiS5_EEE
chromium-efl-1.1.144-1.armv7l/usr/share/chromium-efl/lib/libv8.so	_ZN2v88internal11interpreter15BytecodeDecoder6DecodeERSoPKhNS0_6TaggedINS0_17TrustedFixedArrayEEEb
chromium-efl-1.1.144-1.armv7l/usr/share/chromium-efl/lib/libv8.so	_ZN2v88internal11interpreter9Bytecodes8ToStringB5cxx11ENS1_8BytecodeENS1_12OperandScaleEPKc
chromium-efl-1.1.144-1.armv7l/usr/share/chromium-efl/lib/libv8.so	_ZN2v88internal11interpreterlsERSoRKNS1_11OperandSizeE
chromium-efl-1.1.144-1.armv7l/usr/share/chromium-efl/lib/libv8.so	_ZN2v88internal11interpreterlsERSoRKNS1_11OperandTypeE
chromium-efl-1.1.144-1.armv7l/usr/share/chromium-efl/lib/libv8.so	_ZN2v88internal11interpreterlsERSoRKNS1_12BytecodeNodeE
chromium-efl-1.1.144-1.armv7l/usr/share/chromium-efl/lib/libv8.so	_ZN2v88internal11interpreterlsERSoRKNS1_12OperandScaleE
chromium-efl-1.1.144-1.armv7l/usr/share/chromium-efl/lib/libv8.so	_ZN2v88internal11interpreterlsERSoRKNS1_18BytecodeSourceInfoE
chromium-efl-1.1.144-1.armv7l/usr/share/chromium-efl/lib/libv8.so	_ZN2v88internal11interpreterlsERSoRKNS1_19ImplicitRegisterUseE
chromium-efl-1.1.144-1.armv7l/usr/share/chromium-efl/lib/libv8.so	_ZN2v88internal11interpreterlsERSoRKNS1_20BytecodeArrayBuilder13ToBooleanModeE
chromium-efl-1.1.144-1.armv7l/usr/share/chromium-efl/lib/libv8.so	_ZN2v88internal11interpreterlsERSoRKNS1_8BytecodeE
chromium-efl-1.1.144-1.armv7l/usr/share/chromium-efl/lib/libv8.so	_ZN2v88internal12Disassembler6DecodeEPNS0_7IsolateERSoPhS5_NS0_13CodeReferenceEjj
chromium-efl-1.1.144-1.armv7l/usr/share/chromium-efl/lib/libv8.so	_ZN2v88internal12HeapProfiler20TakeSnapshotToStringB5cxx11ENS_12HeapProfiler19HeapSnapshotOptionsE
chromium-efl-1.1.144-1.armv7l/usr/share/chromium-efl/lib/libv8.so	_ZN2v88internal12JSListFormat19GetAvailableLocalesB5cxx11Ev
chromium-efl-1.1.144-1.armv7l/usr/share/chromium-efl/lib/libv8.so	_ZN2v88internal12LocalIsolate13DefaultLocaleB5cxx11Ev
chromium-efl-1.1.144-1.armv7l/usr/share/chromium-efl/lib/libv8.so	_ZN2v88internal12TypedSlotSet17ClearInvalidSlotsERKSt3mapIjjSt4lessIjESaISt4pairIKjjEEE
chromium-efl-1.1.144-1.armv7l/usr/share/chromium-efl/lib/libv8.so	_ZN2v88internal12TypedSlotSet20AssertNoInvalidSlotsERKSt3mapIjjSt4lessIjESaISt4pairIKjjEEE
chromium-efl-1.1.144-1.armv7l/usr/share/chromium-efl/lib/libv8.so	_ZN2v88internal13AssemblerBaseC2ERKNS0_16AssemblerOptionsESt10unique_ptrINS0_15AssemblerBufferESt14default_deleteIS6_EE
chromium-efl-1.1.144-1.armv7l/usr/share/chromium-efl/lib/libv8.so	_ZN2v88internal13BytecodeArray11DisassembleENS0_6HandleIS1_EERSo
chromium-efl-1.1.144-1.armv7l/usr/share/chromium-efl/lib/libv8.so	_ZN2v88internal13BytecodeArray11DisassembleERSo
chromium-efl-1.1.144-1.armv7l/usr/share/chromium-efl/lib/libv8.so	_ZN2v88internal13BytecodeArray9PrintJsonERSo
chromium-efl-1.1.144-1.armv7l/usr/share/chromium-efl/lib/libv8.so	_ZN2v88internal13EhFrameWriter17WriteEmptyEhFrameERSo
chromium-efl-1.1.144-1.armv7l/usr/share/chromium-efl/lib/libv8.so	_ZN2v88internal13JSArrayBuffer15CreateExtensionEPNS0_7IsolateESt10shared_ptrINS0_12BackingStoreEE
chromium-efl-1.1.144-1.armv7l/usr/share/chromium-efl/lib/libv8.so	_ZN2v88internal13JSArrayBuffer5SetupENS0_10SharedFlagENS0_13ResizableFlagESt10shared_ptrINS0_12BackingStoreEEPNS0_7IsolateE
chromium-efl-1.1.144-1.armv7l/usr/share/chromium-efl/lib/libv8.so	_ZN2v88internal13JSPluralRules19GetAvailableLocalesB5cxx11Ev
chromium-efl-1.1.144-1.armv7l/usr/share/chromium-efl/lib/libv8.so	_ZN2v88internal14JSAtomicsMutex12LockSlowPathEPNS0_7IsolateENS0_12DirectHandleIS1_EEPSt6atomicIjESt8optionalINS_4base9TimeDeltaEE
chromium-efl-1.1.144-1.armv7l/usr/share/chromium-efl/lib/libv8.so	_ZN2v88internal14JSAtomicsMutex14UnlockSlowPathEPNS0_7IsolateEPSt6atomicIjE
chromium-efl-1.1.144-1.armv7l/usr/share/chromium-efl/lib/libv8.so	_ZN2v88internal14JSAtomicsMutex16MaybeEnqueueNodeEPNS0_7IsolateENS0_12DirectHandleIS1_EEPSt6atomicIjEPNS0_6detail15WaiterQueueNodeE
chromium-efl-1.1.144-1.armv7l/usr/share/chromium-efl/lib/libv8.so	_ZN2v88internal14JSDisplayNames19GetAvailableLocalesB5cxx11Ev
chromium-efl-1.1.144-1.armv7l/usr/share/chromium-efl/lib/libv8.so	_ZN2v88internal14JSNumberFormat19GetAvailableLocalesB5cxx11Ev
chromium-efl-1.1.144-1.armv7l/usr/share/chromium-efl/lib/libv8.so	_ZN2v88internal14PagedSpaceBaseC2EPNS0_4HeapENS0_15AllocationSpaceENS0_13ExecutabilityESt10unique_ptrINS0_8FreeListESt14default_deleteIS7_EENS0_19CompactionSpaceKindE
chromium-efl-1.1.144-1.armv7l/usr/share/chromium-efl/lib/libv8.so	_ZN2v88internal14V8HeapExplorer16SetWeakReferenceEPNS0_9HeapEntryEiNS0_6TaggedINS0_6ObjectEEESt8optionalIiE
chromium-efl-1.1.144-1.armv7l/usr/share/chromium-efl/lib/libv8.so	_ZN2v88internal14V8HeapExplorer23MakeNativeContextTagMapEOSt6vectorISt4pairINS_6GlobalINS_7ContextEEEPKcESaIS9_EE
chromium-efl-1.1.144-1.armv7l/usr/share/chromium-efl/lib/libv8.so	_ZN2v88internal14V8HeapExplorer9TagObjectENS0_6TaggedINS0_6ObjectEEEPKcSt8optionalINS0_9HeapEntry4TypeEEb
chromium-efl-1.1.144-1.armv7l/usr/share/chromium-efl/lib/libv8.so	_ZN2v88internal15CodeEventLogger15CodeCreateEventENS0_16LogEventListener7CodeTagEPKNS0_4wasm8WasmCodeENS_4base6VectorIKcEESt17basic_string_viewIcSt11char_traitsIcEEii
chromium-efl-1.1.144-1.armv7l/usr/share/chromium-efl/lib/libv8.so	_ZN2v88internal15CppGraphBuilder3RunEPNS_7IsolateEPNS_13EmbedderGraphEPvOSt13unordered_setINS0_6TaggedINS0_21CppHeapExternalObjectEEENS0_6Object6HasherENSB_12KeyEqualSafeESaISA_EE
chromium-efl-1.1.144-1.armv7l/usr/share/chromium-efl/lib/libv8.so	_ZN2v88internal15JSDispatchTable26PrintCurrentTieringRequestENS_4base11StrongAliasINS0_24JSDispatchHandleAliasTagEjEEPNS0_7IsolateERSo
chromium-efl-1.1.144-1.armv7l/usr/share/chromium-efl/lib/libv8.so	_ZN2v88internal15ThreadIsolation16JitPageReference27UnregisterAllocationsExceptEjjRKSt6vectorIjSaIjEE
chromium-efl-1.1.144-1.armv7l/usr/share/chromium-efl/lib/libv8.so	_ZN2v88internal15ThreadIsolation22RegisterJitAllocationsEjRKSt6vectorIjSaIjEENS1_17JitAllocationTypeE
chromium-efl-1.1.144-1.armv7l/usr/share/chromium-efl/lib/libv8.so	_ZN2v88internal16JSDateTimeFormat19GetAvailableLocalesB5cxx11Ev
chromium-efl-1.1.144-1.armv7l/usr/share/chromium-efl/lib/libv8.so	_ZN2v88internal16JSDateTimeFormat22CanonicalizeTimeZoneIDERKNSt7__cxx1112basic_stringIcSt11char_traitsIcESaIcEEE
chromium-efl-1.1.144-1.armv7l/usr/share/chromium-efl/lib/libv8.so	_ZN2v88internal16JSDurationFormat19GetAvailableLocalesB5cxx11Ev
chromium-efl-1.1.144-1.armv7l/usr/share/chromium-efl/lib/libv8.so	_ZN2v88internal16MarkingWorklists22CreateContextWorklistsERKSt6vectorIjSaIjEE
chromium-efl-1.1.144-1.armv7l/usr/share/chromium-efl/lib/libv8.so	_ZN2v88internal16MarkingWorklists5LocalC1EPS1_St10unique_ptrINS0_15CppMarkingStateESt14default_deleteIS5_EE
chromium-efl-1.1.144-1.armv7l/usr/share/chromium-efl/lib/libv8.so	_ZN2v88internal16MarkingWorklists5LocalC2EPS1_St10unique_ptrINS0_15CppMarkingStateESt14default_deleteIS5_EE
chromium-efl-1.1.144-1.armv7l/usr/share/chromium-efl/lib/libv8.so	_ZN2v88internal16MemoryControllerINS0_11V8HeapTraitEE13GrowingFactorEPNS0_4HeapEjSt8optionalIdEdNS4_15HeapGrowingModeE
chromium-efl-1.1.144-1.armv7l/usr/share/chromium-efl/lib/libv8.so	_ZN2v88internal16MemoryControllerINS0_11V8HeapTraitEE20DynamicGrowingFactorESt8optionalIdEdd
chromium-efl-1.1.144-1.armv7l/usr/share/chromium-efl/lib/libv8.so	_ZN2v88internal16MemoryControllerINS0_17GlobalMemoryTraitEE13GrowingFactorEPNS0_4HeapEjSt8optionalIdEdNS4_15HeapGrowingModeE
chromium-efl-1.1.144-1.armv7l/usr/share/chromium-efl/lib/libv8.so	_ZN2v88internal16MemoryControllerINS0_17GlobalMemoryTraitEE20DynamicGrowingFactorESt8optionalIdEdd
chromium-efl-1.1.144-1.armv7l/usr/share/chromium-efl/lib/libv8.so	_ZN2v88internal16ProfilerListener15CodeCreateEventENS0_16LogEventListener7CodeTagEPKNS0_4wasm8WasmCodeENS_4base6VectorIKcEESt17basic_string_viewIcSt11char_traitsIcEEii
chromium-efl-1.1.144-1.armv7l/usr/share/chromium-efl/lib/libv8.so	_ZN2v88internal16WasmModuleObject3NewEPNS0_7IsolateESt10shared_ptrINS0_4wasm12NativeModuleEENS0_12DirectHandleINS0_6ScriptEEE
chromium-efl-1.1.144-1.armv7l/usr/share/chromium-efl/lib/libv8.so	_ZN2v88internal17JSV8BreakIterator19GetAvailableLocalesB5cxx11Ev
chromium-efl-1.1.144-1.armv7l/usr/share/chromium-efl/lib/libv8.so	_ZN2v88internal17WasmDispatchTable13SetForWrapperEiNS0_6TaggedINS0_14WasmImportDataEEESt10shared_ptrINS0_4wasm23WasmImportWrapperHandleEENS6_18CanonicalTypeIndexENS1_18NewOrExistingEntryE
chromium-efl-1.1.144-1.armv7l/usr/share/chromium-efl/lib/libv8.so	_ZN2v88internal18BasicBlockProfiler3LogEPNS0_7IsolateERSo
chromium-efl-1.1.144-1.armv7l/usr/share/chromium-efl/lib/libv8.so	_ZN2v88internal18BasicBlockProfiler5PrintEPNS0_7IsolateERSo
chromium-efl-1.1.144-1.armv7l/usr/share/chromium-efl/lib/libv8.so	_ZN2v88internal18CodeCommentsWriter3AddEjNSt7__cxx1112basic_stringIcSt11char_traitsIcESaIcEEE
chromium-efl-1.1.144-1.armv7l/usr/share/chromium-efl/lib/libv8.so	_ZN2v88internal18IncrementalMarking11CppHeapStepENS_4base9TimeDeltaESt8optionalIjENS0_10StepOriginE
chromium-efl-1.1.144-1.armv7l/usr/share/chromium-efl/lib/libv8.so	_ZN2v88internal18JSAtomicsCondition7WaitForEPNS0_7IsolateENS0_12DirectHandleIS1_EENS4_INS0_14JSAtomicsMutexEEESt8optionalINS_4base9TimeDeltaEE
chromium-efl-1.1.144-1.armv7l/usr/share/chromium-efl/lib/libv8.so	_ZN2v88internal18MacroAssemblerBaseC2EPNS0_7IsolateERKNS0_16AssemblerOptionsENS0_18CodeObjectRequiredESt10unique_ptrINS0_15AssemblerBufferESt14default_deleteIS9_EE
chromium-efl-1.1.144-1.armv7l/usr/share/chromium-efl/lib/libv8.so	_ZN2v88internal18MacroAssemblerBaseC2EPNS0_7IsolateESt7variantIJPNS0_4ZoneEPNS0_19AccountingAllocatorEEENS0_16AssemblerOptionsENS0_18CodeObjectRequiredESt10unique_ptrINS0_15AssemblerBufferESt14default_deleteISD_EE
chromium-efl-1.1.144-1.armv7l/usr/share/chromium-efl/lib/libv8.so	_ZN2v88internal18StringOutputStream3strB5cxx11Ev
chromium-efl-1.1.144-1.armv7l/usr/share/chromium-efl/lib/libv8.so	_ZN2v88internal19PreparseDataBuilder8ByteData5StartEPSt6vectorIhSaIhEE
chromium-efl-1.1.144-1.armv7l/usr/share/chromium-efl/lib/libv8.so	_ZN2v88internal19PreparseDataBuilderC1EPNS0_4ZoneEPS1_PSt6vectorIPvSaIS6_EE
chromium-efl-1.1.144-1.armv7l/usr/share/chromium-efl/lib/libv8.so	_ZN2v88internal19PreparseDataBuilderC2EPNS0_4ZoneEPS1_PSt6vectorIPvSaIS6_EE
chromium-efl-1.1.144-1.armv7l/usr/share/chromium-efl/lib/libv8.so	_ZN2v88internal19ScriptStreamingDataC1ESt10unique_ptrINS_14ScriptCompiler20ExternalSourceStreamESt14default_deleteIS4_EENS3_14StreamedSource8EncodingE
chromium-efl-1.1.144-1.armv7l/usr/share/chromium-efl/lib/libv8.so	_ZN2v88internal19ScriptStreamingDataC2ESt10unique_ptrINS_14ScriptCompiler20ExternalSourceStreamESt14default_deleteIS4_EENS3_14StreamedSource8EncodingE
chromium-efl-1.1.144-1.armv7l/usr/share/chromium-efl/lib/libv8.so	_ZN2v88internal19SpaceWithLinearAreaC2EPNS0_4HeapENS0_15AllocationSpaceESt10unique_ptrINS0_8FreeListESt14default_deleteIS6_EE
chromium-efl-1.1.144-1.armv7l/usr/share/chromium-efl/lib/libv8.so	_ZN2v88internal19TransitionsAccessor19ForEachTransitionToENS0_6TaggedINS0_4NameEEERKSt8functionIFvNS2_INS0_3MapEEEEEPNS0_25PerThreadAssertScopeEmptyILb0EJLNS0_19PerThreadAssertTypeE1ELSD_2EEEE
chromium-efl-1.1.144-1.armv7l/usr/share/chromium-efl/lib/libv8.so	_ZN2v88internal19TransitionsAccessor30TraverseTransitionTreeInternalERKSt8functionIFvNS0_6TaggedINS0_3MapEEEEEPNS0_25PerThreadAssertScopeEmptyILb0EJLNS0_19PerThreadAssertTypeE1ELSB_2EEEE
chromium-efl-1.1.144-1.armv7l/usr/share/chromium-efl/lib/libv8.so	_ZN2v88internal20JSRelativeTimeFormat19GetAvailableLocalesB5cxx11Ev
chromium-efl-1.1.144-1.armv7l/usr/share/chromium-efl/lib/libv8.so	_ZN2v88internal21BackgroundCompileTaskC1EPNS0_7IsolateENS0_6HandleINS0_18SharedFunctionInfoEEESt10unique_ptrINS0_20Utf16CharacterStreamESt14default_deleteIS8_EEPNS0_28WorkerThreadRuntimeCallStatsEPNS0_14TimedHistogramEi
chromium-efl-1.1.144-1.armv7l/usr/share/chromium-efl/lib/libv8.so	_ZN2v88internal21BackgroundCompileTaskC2EPNS0_7IsolateENS0_6HandleINS0_18SharedFunctionInfoEEESt10unique_ptrINS0_20Utf16CharacterStreamESt14default_deleteIS8_EEPNS0_28WorkerThreadRuntimeCallStatsEPNS0_14TimedHistogramEi
chromium-efl-1.1.144-1.armv7l/usr/share/chromium-efl/lib/libv8.so	_ZN2v88internal21CpuProfilesCollection14StartProfilingEPKcNS_19CpuProfilingOptionsESt10unique_ptrINS_24DiscardedSamplesDelegateESt14default_deleteIS6_EE
chromium-efl-1.1.144-1.armv7l/usr/share/chromium-efl/lib/libv8.so	_ZN2v88internal21CpuProfilesCollection14StartProfilingEjPKcNS_19CpuProfilingOptionsESt10unique_ptrINS_24DiscardedSamplesDelegateESt14default_deleteIS6_EE
chromium-efl-1.1.144-1.armv7l/usr/share/chromium-efl/lib/libv8.so	_ZN2v88internal21CpuProfilesCollection24AddPathToCurrentProfilesENS_4base9TimeTicksERKSt6vectorINS0_20CodeEntryAndPositionESaIS5_EENS0_13LineAndColumnEbNS2_9TimeDeltaENS_8StateTagENS_16EmbedderStateTagEjjSt8optionalIyE
chromium-efl-1.1.144-1.armv7l/usr/share/chromium-efl/lib/libv8.so	_ZN2v88internal21FlattenRegionsToPartsEPSt6vectorINS0_16NumberFormatSpanESaIS2_EE
chromium-efl-1.1.144-1.armv7l/usr/share/chromium-efl/lib/libv8.so	_ZN2v88internal21ImportedFunctionEntry16SetWasmToWrapperEPNS0_7IsolateENS0_12DirectHandleINS0_10JSReceiverEEESt10shared_ptrINS0_4wasm23WasmImportWrapperHandleEENS8_7SuspendEPKNS8_12CanonicalSigE
chromium-efl-1.1.144-1.armv7l/usr/share/chromium-efl/lib/libv8.so	_ZN2v88internal21LazyCompileDispatcher3JobC1ESt10unique_ptrINS0_21BackgroundCompileTaskESt14default_deleteIS4_EE
chromium-efl-1.1.144-1.armv7l/usr/share/chromium-efl/lib/libv8.so	_ZN2v88internal21LazyCompileDispatcher3JobC2ESt10unique_ptrINS0_21BackgroundCompileTaskESt14default_deleteIS4_EE
chromium-efl-1.1.144-1.armv7l/usr/share/chromium-efl/lib/libv8.so	_ZN2v88internal21LazyCompileDispatcher7EnqueueEPNS0_12LocalIsolateENS0_6HandleINS0_18SharedFunctionInfoEEESt10unique_ptrINS0_20Utf16CharacterStreamESt14default_deleteIS8_EE
chromium-efl-1.1.144-1.armv7l/usr/share/chromium-efl/lib/libv8.so	_ZN2v88internal22TorqueGeneratedFactoryINS0_12LocalFactoryEE31NewOnHeapBasicBlockProfilerDataENS0_12DirectHandleINS0_21FixedIntegerArrayBaseIiNS0_9ByteArrayEEEEENS4_INS5_IjS6_EEEENS4_INS0_8PodArrayISt4pairIiiEEEEENS4_INS0_6StringEEESH_SH_iNS0_14AllocationTypeE
chromium-efl-1.1.144-1.armv7l/usr/share/chromium-efl/lib/libv8.so	_ZN2v88internal22TorqueGeneratedFactoryINS0_7FactoryEE31NewOnHeapBasicBlockProfilerDataENS0_12DirectHandleINS0_21FixedIntegerArrayBaseIiNS0_9ByteArrayEEEEENS4_INS5_IjS6_EEEENS4_INS0_8PodArrayISt4pairIiiEEEEENS4_INS0_6StringEEESH_SH_iNS0_14AllocationTypeE
chromium-efl-1.1.144-1.armv7l/usr/share/chromium-efl/lib/libv8.so	_ZN2v88internal23ProfilerEventsProcessor15AddCurrentStackEbSt8optionalIyE
chromium-efl-1.1.144-1.armv7l/usr/share/chromium-efl/lib/libv8.so	_ZN2v88internal23WasmTrustedInstanceData3NewEPNS0_7IsolateENS0_12DirectHandleINS0_16WasmModuleObjectEEESt10shared_ptrINS0_4wasm12NativeModuleEEb
chromium-efl-1.1.144-1.armv7l/usr/share/chromium-efl/lib/libv8.so	_ZN2v88internal25BackgroundDeserializeTaskC1EPNS0_7IsolateESt10unique_ptrINS_14ScriptCompiler10CachedDataESt14default_deleteIS6_EE
chromium-efl-1.1.144-1.armv7l/usr/share/chromium-efl/lib/libv8.so	_ZN2v88internal25BackgroundDeserializeTaskC2EPNS0_7IsolateESt10unique_ptrINS_14ScriptCompiler10CachedDataESt14default_deleteIS6_EE
chromium-efl-1.1.144-1.armv7l/usr/share/chromium-efl/lib/libv8.so	_ZN2v88internal27OptimizingCompileDispatcher23TryQueueForOptimizationERSt10unique_ptrINS0_22TurbofanCompilationJobESt14default_deleteIS3_EE
chromium-efl-1.1.144-1.armv7l/usr/share/chromium-efl/lib/libv8.so	_ZN2v88internal27OptimizingCompileInputQueue7EnqueueERSt10unique_ptrINS0_22TurbofanCompilationJobESt14default_deleteIS3_EE
chromium-efl-1.1.144-1.armv7l/usr/share/chromium-efl/lib/libv8.so	_ZN2v88internal29OptimizingCompileTaskExecutor23TryQueueForOptimizationERSt10unique_ptrINS0_22TurbofanCompilationJobESt14default_deleteIS3_EE
chromium-efl-1.1.144-1.armv7l/usr/share/chromium-efl/lib/libv8.so	_ZN2v88internal3Smi8SmiPrintENS0_6TaggedIS1_EERSo
chromium-efl-1.1.144-1.armv7l/usr/share/chromium-efl/lib/libv8.so	_ZN2v88internal4Heap20CreateFillerObjectAtEjiNS0_20ClearFreedMemoryModeESt8optionalINS0_14AllocationTypeEE
chromium-efl-1.1.144-1.armv7l/usr/share/chromium-efl/lib/libv8.so	_ZN2v88internal4Heap28AllocateExternalBackingStoreERKSt8functionIFPvjEEj
chromium-efl-1.1.144-1.armv7l/usr/share/chromium-efl/lib/libv8.so	_ZN2v88internal4Intl14CompareStringsEPNS0_7IsolateERKN3icu8CollatorENS0_12DirectHandleINS0_6StringEEESA_NS1_21CompareStringsOptionsE
chromium-efl-1.1.144-1.armv7l/usr/share/chromium-efl/lib/libv8.so	_ZN2v88internal4wasm10WasmEngine12AsyncCompileEPNS0_7IsolateENS1_19WasmEnabledFeaturesENS1_18CompileTimeImportsESt10shared_ptrINS1_25CompilationResultResolverEENS_4base11OwnedVectorIKhEEPKc
chromium-efl-1.1.144-1.armv7l/usr/share/chromium-efl/lib/libv8.so	_ZN2v88internal4wasm10WasmEngine12FreeDeadCodeERKSt13unordered_mapIPNS1_12NativeModuleESt6vectorIPNS1_8WasmCodeESaIS8_EESt4hashIS5_ESt8equal_toIS5_ESaISt4pairIKS5_SA_EEERSA_
chromium-efl-1.1.144-1.armv7l/usr/share/chromium-efl/lib/libv8.so	_ZN2v88internal4wasm10WasmEngine15NewNativeModuleEPNS0_7IsolateENS1_19WasmEnabledFeaturesENS1_20WasmDetectedFeaturesENS1_18CompileTimeImportsESt10shared_ptrIKNS1_10WasmModuleEEj
chromium-efl-1.1.144-1.armv7l/usr/share/chromium-efl/lib/libv8.so	_ZN2v88internal4wasm10WasmEngine16AsyncInstantiateEPNS0_7IsolateESt10unique_ptrINS1_27InstantiationResultResolverESt14default_deleteIS6_EENS0_12DirectHandleINS0_16WasmModuleObjectEEENS0_17MaybeDirectHandleINS0_10JSReceiverEEE
chromium-efl-1.1.144-1.armv7l/usr/share/chromium-efl/lib/libv8.so	_ZN2v88internal4wasm10WasmEngine17GetOrCreateScriptEPNS0_7IsolateERKSt10shared_ptrINS1_12NativeModuleEENS_4base6VectorIKcEE
chromium-efl-1.1.144-1.armv7l/usr/share/chromium-efl/lib/libv8.so	_ZN2v88internal4wasm10WasmEngine18FreeDeadCodeLockedERKSt13unordered_mapIPNS1_12NativeModuleESt6vectorIPNS1_8WasmCodeESaIS8_EESt4hashIS5_ESt8equal_toIS5_ESaISt4pairIKS5_SA_EEERSA_
chromium-efl-1.1.144-1.armv7l/usr/share/chromium-efl/lib/libv8.so	_ZN2v88internal4wasm10WasmEngine18ImportNativeModuleEPNS0_7IsolateESt10shared_ptrINS1_12NativeModuleEENS_4base6VectorIKcEE
chromium-efl-1.1.144-1.armv7l/usr/share/chromium-efl/lib/libv8.so	_ZN2v88internal4wasm10WasmEngine19ReportLiveCodeForGCEPNS0_7IsolateERSt13unordered_setIPNS1_8WasmCodeESt4hashIS7_ESt8equal_toIS7_ESaIS7_EE
chromium-efl-1.1.144-1.armv7l/usr/share/chromium-efl/lib/libv8.so	_ZN2v88internal4wasm10WasmEngine21ClearWeakScriptHandleEPNS0_7IsolateESt10unique_ptrIPjSt14default_deleteIS6_EE
chromium-efl-1.1.144-1.armv7l/usr/share/chromium-efl/lib/libv8.so	_ZN2v88internal4wasm10WasmEngine21CreateAsyncCompileJobENS1_19WasmEnabledFeaturesENS1_18CompileTimeImportsENS_4base11OwnedVectorIKhEEPKcSt10shared_ptrINS1_25CompilationResultResolverEEi
chromium-efl-1.1.144-1.armv7l/usr/share/chromium-efl/lib/libv8.so	_ZN2v88internal4wasm10WasmEngine22NewUnownedNativeModuleENS1_19WasmEnabledFeaturesENS1_20WasmDetectedFeaturesENS1_18CompileTimeImportsESt10shared_ptrIKNS1_10WasmModuleEEj
chromium-efl-1.1.144-1.armv7l/usr/share/chromium-efl/lib/libv8.so	_ZN2v88internal4wasm10WasmEngine23UpdateNativeModuleCacheEbSt10shared_ptrINS1_12NativeModuleEEPNS0_7IsolateE
chromium-efl-1.1.144-1.armv7l/usr/share/chromium-efl/lib/libv8.so	_ZN2v88internal4wasm10WasmEngine25StartStreamingCompilationENS1_19WasmEnabledFeaturesENS1_18CompileTimeImportsEPKcSt10shared_ptrINS1_25CompilationResultResolverEE
chromium-efl-1.1.144-1.armv7l/usr/share/chromium-efl/lib/libv8.so	_ZN2v88internal4wasm11SimdShuffle10Pack2LanesERKSt5arrayIhLj2EE
chromium-efl-1.1.144-1.armv7l/usr/share/chromium-efl/lib/libv8.so	_ZN2v88internal4wasm11SimdShuffle17TryMatchCanonicalERKSt5arrayIhLj16EE
chromium-efl-1.1.144-1.armv7l/usr/share/chromium-efl/lib/libv8.so	_ZN2v88internal4wasm11SimdShuffle17TryMatchCanonicalERKSt5arrayIhLj8EE
chromium-efl-1.1.144-1.armv7l/usr/share/chromium-efl/lib/libv8.so	_ZN2v88internal4wasm11SimdSwizzle21AllInRangeOrTopBitSetESt5arrayIhLj16EE
chromium-efl-1.1.144-1.armv7l/usr/share/chromium-efl/lib/libv8.so	_ZN2v88internal4wasm12BuildTSGraphEPNS0_8compiler10turboshaft12PipelineDataEPNS0_19AccountingAllocatorEPNS1_14CompilationEnvEPNS1_20WasmDetectedFeaturesERNS3_5GraphERKNS1_12FunctionBodyEPKNS1_16WireBytesStorageEPSt10unique_ptrINS1_18AssumptionsJournalESt14default_deleteISL_EEPNS0_10ZoneVectorINS0_20WasmInliningPositionEEEiPNS1_24WasmFunctionCoverageDataE
chromium-efl-1.1.144-1.armv7l/usr/share/chromium-efl/lib/libv8.so	_ZN2v88internal4wasm12NativeModule16SetWasmSourceMapESt10unique_ptrINS1_19WasmModuleSourceMapESt14default_deleteIS4_EE
chromium-efl-1.1.144-1.armv7l/usr/share/chromium-efl/lib/libv8.so	_ZN2v88internal4wasm12NativeModule17PublishCodeLockedESt10unique_ptrINS1_8WasmCodeESt14default_deleteIS4_EEPNS1_18AssumptionsJournalE
chromium-efl-1.1.144-1.armv7l/usr/share/chromium-efl/lib/libv8.so	_ZN2v88internal4wasm12NativeModule18DisassembleForLcovERSoRSt6vectorIiSaIiEERSt3mapIjjSt4lessIjESaISt4pairIKjjEEE
chromium-efl-1.1.144-1.armv7l/usr/share/chromium-efl/lib/libv8.so	_ZN2v88internal4wasm12NativeModuleC1ENS1_19WasmEnabledFeaturesENS1_20WasmDetectedFeaturesENS1_18CompileTimeImportsENS0_13VirtualMemoryESt10shared_ptrIKNS1_10WasmModuleEEPS7_IS2_E
chromium-efl-1.1.144-1.armv7l/usr/share/chromium-efl/lib/libv8.so	_ZN2v88internal4wasm12NativeModuleC2ENS1_19WasmEnabledFeaturesENS1_20WasmDetectedFeaturesENS1_18CompileTimeImportsENS0_13VirtualMemoryESt10shared_ptrIKNS1_10WasmModuleEEPS7_IS2_E
chromium-efl-1.1.144-1.armv7l/usr/share/chromium-efl/lib/libv8.so	_ZN2v88internal4wasm13NamesProvider17ComputeExportNameERKNS1_10WasmExportERSt3mapIjNSt7__cxx1112basic_stringIcSt11char_traitsIcESaIcEEESt4lessIjESaISt4pairIKjSC_EEE
chromium-efl-1.1.144-1.armv7l/usr/share/chromium-efl/lib/libv8.so	_ZN2v88internal4wasm13NamesProvider17ComputeImportNameERKNS1_10WasmImportERSt3mapIjNSt7__cxx1112basic_stringIcSt11char_traitsIcESaIcEEESt4lessIjESaISt4pairIKjSC_EEE
chromium-efl-1.1.144-1.armv7l/usr/share/chromium-efl/lib/libv8.so	_ZN2v88internal4wasm15AsmFunctionType4NameB5cxx11Ev
chromium-efl-1.1.144-1.armv7l/usr/share/chromium-efl/lib/libv8.so	_ZN2v88internal4wasm15WasmCodeManager15NewNativeModuleENS1_19WasmEnabledFeaturesENS1_20WasmDetectedFeaturesENS1_18CompileTimeImportsEjSt10shared_ptrIKNS1_10WasmModuleEE
chromium-efl-1.1.144-1.armv7l/usr/share/chromium-efl/lib/libv8.so	_ZN2v88internal4wasm16CompilationState11AddCallbackESt10unique_ptrINS1_24CompilationEventCallbackESt14default_deleteIS4_EE
chromium-efl-1.1.144-1.armv7l/usr/share/chromium-efl/lib/libv8.so	_ZN2v88internal4wasm16CompilationState19SetWireBytesStorageESt10shared_ptrINS1_16WireBytesStorageEE
chromium-efl-1.1.144-1.armv7l/usr/share/chromium-efl/lib/libv8.so	_ZN2v88internal4wasm16CompilationState3NewERKSt10shared_ptrINS1_12NativeModuleEENS1_20WasmDetectedFeaturesE
chromium-efl-1.1.144-1.armv7l/usr/share/chromium-efl/lib/libv8.so	_ZN2v88internal4wasm16DecodeWasmModuleENS1_19WasmEnabledFeaturesENS_4base6VectorIKhEEbNS1_12ModuleOriginEPNS0_21DelayedCounterUpdatesEPSt8optionalINS_7metrics17WasmModuleDecodedEENS1_14DecodingMethodEPNS1_20WasmDetectedFeaturesE
chromium-efl-1.1.144-1.armv7l/usr/share/chromium-efl/lib/libv8.so	_ZN2v88internal4wasm16StreamingDecoder26CreateSyncStreamingDecoderENS1_19WasmEnabledFeaturesENS1_18CompileTimeImportsEPKcSt10shared_ptrINS1_25CompilationResultResolverEE
chromium-efl-1.1.144-1.armv7l/usr/share/chromium-efl/lib/libv8.so	_ZN2v88internal4wasm16StreamingDecoder27CreateAsyncStreamingDecoderESt10unique_ptrINS1_18StreamingProcessorESt14default_deleteIS4_EE
chromium-efl-1.1.144-1.armv7l/usr/share/chromium-efl/lib/libv8.so	_ZN2v88internal4wasm17ValidateFunctionsEPKNS1_10WasmModuleENS1_19WasmEnabledFeaturesENS_4base6VectorIKhEESt8functionIFbiEEPNS1_20WasmDetectedFeaturesE
chromium-efl-1.1.144-1.armv7l/usr/share/chromium-efl/lib/libv8.so	_ZN2v88internal4wasm18ModuleDisassemblerC1ERNS1_22MultiLineStringBuilderEPKNS1_10WasmModuleEPNS1_13NamesProviderENS1_15ModuleWireBytesEPNS0_19AccountingAllocatorESt10unique_ptrINS1_15OffsetsProviderESt14default_deleteISE_EEPSt6vectorIiSaIiEE
chromium-efl-1.1.144-1.armv7l/usr/share/chromium-efl/lib/libv8.so	_ZN2v88internal4wasm18ModuleDisassemblerC2ERNS1_22MultiLineStringBuilderEPKNS1_10WasmModuleEPNS1_13NamesProviderENS1_15ModuleWireBytesEPNS0_19AccountingAllocatorESt10unique_ptrINS1_15OffsetsProviderESt14default_deleteISE_EEPSt6vectorIiSaIiEE
chromium-efl-1.1.144-1.armv7l/usr/share/chromium-efl/lib/libv8.so	_ZN2v88internal4wasm19WasmModuleSourceMap13DecodeMappingERKNSt7__cxx1112basic_stringIcSt11char_traitsIcESaIcEEE
chromium-efl-1.1.144-1.armv7l/usr/share/chromium-efl/lib/libv8.so	_ZN2v88internal4wasm20WasmCodePointerTable16VectorToFreelistESt6vectorIjSaIjEE
chromium-efl-1.1.144-1.armv7l/usr/share/chromium-efl/lib/libv8.so	_ZN2v88internal4wasm21AsyncStreamingDecoder25NotifyNativeModuleCreatedERKSt10shared_ptrINS1_12NativeModuleEE
chromium-efl-1.1.144-1.armv7l/usr/share/chromium-efl/lib/libv8.so	_ZN2v88internal4wasm21AsyncStreamingDecoder6FinishERKSt8functionIFvRNS_13WasmStreaming22ModuleCachingInterfaceEEE
chromium-efl-1.1.144-1.armv7l/usr/share/chromium-efl/lib/libv8.so	_ZN2v88internal4wasm21AsyncStreamingDecoderC1ESt10unique_ptrINS1_18StreamingProcessorESt14default_deleteIS4_EE
chromium-efl-1.1.144-1.armv7l/usr/share/chromium-efl/lib/libv8.so	_ZN2v88internal4wasm21AsyncStreamingDecoderC2ESt10unique_ptrINS1_18StreamingProcessorESt14default_deleteIS4_EE
chromium-efl-1.1.144-1.armv7l/usr/share/chromium-efl/lib/libv8.so	_ZN2v88internal4wasm21CompileToNativeModuleEPNS0_7IsolateENS1_19WasmEnabledFeaturesENS1_20WasmDetectedFeaturesENS1_18CompileTimeImportsEPNS1_12ErrorThrowerESt10shared_ptrIKNS1_10WasmModuleEENS_4base11OwnedVectorIKhEEiNS_7metrics8Recorder9ContextIdEPNS1_18ProfileInformationE
chromium-efl-1.1.144-1.armv7l/usr/share/chromium-efl/lib/libv8.so	_ZN2v88internal4wasm22PrintGlobalTraceStringERKNS1_16GlobalTraceEntryEPNS1_12NativeModuleERSo
chromium-efl-1.1.144-1.armv7l/usr/share/chromium-efl/lib/libv8.so	_ZN2v88internal4wasm22PrintMemoryTraceStringERKNS1_16MemoryTraceEntryEPNS1_12NativeModuleERSo
chromium-efl-1.1.144-1.armv7l/usr/share/chromium-efl/lib/libv8.so	_ZN2v88internal4wasm24NativeModuleDeserializer7PublishESt6vectorINS1_19DeserializationUnitESaIS4_EE
chromium-efl-1.1.144-1.armv7l/usr/share/chromium-efl/lib/libv8.so	_ZN2v88internal4wasm24StartStreamingForTestingEPNS0_7IsolateESt10shared_ptrINS1_25CompilationResultResolverEE
chromium-efl-1.1.144-1.armv7l/usr/share/chromium-efl/lib/libv8.so	_ZN2v88internal4wasm25AsmOverloadedFunctionType4NameB5cxx11Ev
chromium-efl-1.1.144-1.armv7l/usr/share/chromium-efl/lib/libv8.so	_ZN2v88internal4wasm7AsmType4NameB5cxx11Ev
chromium-efl-1.1.144-1.armv7l/usr/share/chromium-efl/lib/libv8.so	_ZN2v88internal4wasm9WasmError11FormatErrorB5cxx11EPKcSt9__va_list
chromium-efl-1.1.144-1.armv7l/usr/share/chromium-efl/lib/libv8.so	_ZN2v88internal4wasmlsERSoRKNS0_9SignatureINS1_9ValueTypeEEE
chromium-efl-1.1.144-1.armv7l/usr/share/chromium-efl/lib/libv8.so	_ZN2v88internal4wasmlsERSoRKNS1_16WasmFunctionNameE
chromium-efl-1.1.144-1.armv7l/usr/share/chromium-efl/lib/libv8.so	_ZN2v88internal5Debug18ClearAllDebugInfosERKSt8functionIFvNS0_6HandleINS0_9DebugInfoEEEEE
chromium-efl-1.1.144-1.armv7l/usr/share/chromium-efl/lib/libv8.so	_ZN2v88internal5Debug22GetPossibleBreakpointsENS0_6HandleINS0_6ScriptEEEiibPSt6vectorINS0_13BreakLocationESaIS6_EE
chromium-efl-1.1.144-1.armv7l/usr/share/chromium-efl/lib/libv8.so	_ZN2v88internal5Debug25IsMutedAtAnyBreakLocationENS0_12DirectHandleINS0_18SharedFunctionInfoEEERKSt6vectorINS0_13BreakLocationESaIS6_EE
chromium-efl-1.1.144-1.armv7l/usr/share/chromium-efl/lib/libv8.so	_ZN2v88internal5Debug28CheckBreakPointsForLocationsENS0_6HandleINS0_9DebugInfoEEERSt6vectorINS0_13BreakLocationESaIS6_EEPb
chromium-efl-1.1.144-1.armv7l/usr/share/chromium-efl/lib/libv8.so	_ZN2v88internal5Debug40FindSharedFunctionInfosIntersectingRangeENS0_6HandleINS0_6ScriptEEEiiPSt6vectorINS2_INS0_18SharedFunctionInfoEEESaIS7_EE
chromium-efl-1.1.144-1.armv7l/usr/share/chromium-efl/lib/libv8.so	_ZN2v88internal5Scope29AllocateScopeInfosRecursivelyINS0_12LocalIsolateEEEvPT_NS0_11MaybeHandleINS0_9ScopeInfoEEERSt13unordered_mapIiNS0_6HandleIS7_EESt4hashIiESt8equal_toIiESaISt4pairIKiSB_EEE
chromium-efl-1.1.144-1.armv7l/usr/share/chromium-efl/lib/libv8.so	_ZN2v88internal5Scope29AllocateScopeInfosRecursivelyINS0_7IsolateEEEvPT_NS0_11MaybeHandleINS0_9ScopeInfoEEERSt13unordered_mapIiNS0_6HandleIS7_EESt4hashIiESt8equal_toIiESaISt4pairIKiSB_EEE
chromium-efl-1.1.144-1.armv7l/usr/share/chromium-efl/lib/libv8.so	_ZN2v88internal6Parser16UpdateStatisticsENS0_12DirectHandleINS0_6ScriptEEEPNS_4base11SmallVectorINS_7Isolate17UseCounterFeatureELj8ESaIS8_EEEPi
chromium-efl-1.1.144-1.armv7l/usr/share/chromium-efl/lib/libv8.so	_ZN2v88internal6String11ToStdStringB5cxx11Ev
chromium-efl-1.1.144-1.armv7l/usr/share/chromium-efl/lib/libv8.so	_ZN2v88internal6String7PrintOnERSo
chromium-efl-1.1.144-1.armv7l/usr/share/chromium-efl/lib/libv8.so	_ZN2v88internal6maglev21MaglevCompilationInfoC1EPNS0_7IsolateENS0_6HandleINS0_10JSFunctionEEENS0_14BytecodeOffsetESt8optionalIPNS0_8compiler12JSHeapBrokerEES9_IbEb
chromium-efl-1.1.144-1.armv7l/usr/share/chromium-efl/lib/libv8.so	_ZN2v88internal6maglev21MaglevCompilationInfoC2EPNS0_7IsolateENS0_6HandleINS0_10JSFunctionEEENS0_14BytecodeOffsetESt8optionalIPNS0_8compiler12JSHeapBrokerEES9_IbEb
chromium-efl-1.1.144-1.armv7l/usr/share/chromium-efl/lib/libv8.so	_ZN2v88internal6maglev26MaglevConcurrentDispatcher10EnqueueJobEOSt10unique_ptrINS1_20MaglevCompilationJobESt14default_deleteIS4_EE
chromium-efl-1.1.144-1.armv7l/usr/share/chromium-efl/lib/libv8.so	_ZN2v88internal7CppHeap14AdvanceMarkingENS_4base9TimeDeltaESt8optionalIjEN5cppgc18EmbedderStackStateE
chromium-efl-1.1.144-1.armv7l/usr/share/chromium-efl/lib/libv8.so	_ZN2v88internal7CppHeap17InitializeMarkingEN5cppgc8internal14CollectionTypeESt10shared_ptrIN4heap4base26IncrementalMarkingScheduleEENS_4base5FlagsINS1_27GarbageCollectionFlagValuesEiiEE
chromium-efl-1.1.144-1.armv7l/usr/share/chromium-efl/lib/libv8.so	_ZN2v88internal7CppHeap36CollectCustomSpaceStatisticsAtLastGCESt6vectorIN5cppgc16CustomSpaceIndexESaIS4_EESt10unique_ptrINS_29CustomSpaceStatisticsReceiverESt14default_deleteIS8_EE
chromium-efl-1.1.144-1.armv7l/usr/share/chromium-efl/lib/libv8.so	_ZN2v88internal7CppHeapC1EPNS_8PlatformERKSt6vectorISt10unique_ptrIN5cppgc15CustomSpaceBaseESt14default_deleteIS7_EESaISA_EENS6_4Heap11MarkingTypeENSF_12SweepingTypeE
chromium-efl-1.1.144-1.armv7l/usr/share/chromium-efl/lib/libv8.so	_ZN2v88internal7CppHeapC2EPNS_8PlatformERKSt6vectorISt10unique_ptrIN5cppgc15CustomSpaceBaseESt14default_deleteIS7_EESaISA_EENS6_4Heap11MarkingTypeENSF_12SweepingTypeE
chromium-efl-1.1.144-1.armv7l/usr/share/chromium-efl/lib/libv8.so	_ZN2v88internal7Factory16NewJSArrayBufferESt10shared_ptrINS0_12BackingStoreEENS0_14AllocationTypeE
chromium-efl-1.1.144-1.armv7l/usr/share/chromium-efl/lib/libv8.so	_ZN2v88internal7Factory21NewWasmJSFunctionDataEPKNS0_4wasm12CanonicalSigENS0_12DirectHandleINS0_10JSReceiverEEENS6_INS0_4CodeEEENS6_INS0_3MapEEENS2_7SuspendENS2_7PromiseESt10shared_ptrINS2_23WasmImportWrapperHandleEE
chromium-efl-1.1.144-1.armv7l/usr/share/chromium-efl/lib/libv8.so	_ZN2v88internal7Factory22NewJSSharedArrayBufferESt10shared_ptrINS0_12BackingStoreEE
chromium-efl-1.1.144-1.armv7l/usr/share/chromium-efl/lib/libv8.so	_ZN2v88internal7Factory25InitializeJSObjectFromMapENS0_6TaggedINS0_3MapEEENS2_INS0_8JSObjectEEESt8optionalINS2_INS0_6ObjectEEEENS0_15NewJSObjectTypeE
chromium-efl-1.1.144-1.armv7l/usr/share/chromium-efl/lib/libv8.so	_ZN2v88internal7Isolate12SetCodePagesEPSt6vectorINS_11MemoryRangeESaIS3_EE
chromium-efl-1.1.144-1.armv7l/usr/share/chromium-efl/lib/libv8.so	_ZN2v88internal7Isolate13DefaultLocaleB5cxx11Ev
chromium-efl-1.1.144-1.armv7l/usr/share/chromium-efl/lib/libv8.so	_ZN2v88internal7Isolate17AddCrashKeyStringEPKcNS_12CrashKeySizeESt17basic_string_viewIcSt11char_traitsIcEE
chromium-efl-1.1.144-1.armv7l/usr/share/chromium-efl/lib/libv8.so	_ZN2v88internal7Isolate17SetCrashKeyStringEPvSt17basic_string_viewIcSt11char_traitsIcEE
chromium-efl-1.1.144-1.armv7l/usr/share/chromium-efl/lib/libv8.so	_ZN2v88internal7Isolate19GetTurboCfgFileNameB5cxx11EPS1_
chromium-efl-1.1.144-1.armv7l/usr/share/chromium-efl/lib/libv8.so	_ZN2v88internal7Isolate22PrintCurrentStackTraceERSoPFbPNS_7IsolateENS_5LocalINS_6StringEEEE
chromium-efl-1.1.144-1.armv7l/usr/share/chromium-efl/lib/libv8.so	_ZN2v88internal7Isolate22SetAddCrashKeyCallbackEPFvNS_10CrashKeyIdERKNSt7__cxx1112basic_stringIcSt11char_traitsIcESaIcEEEE
chromium-efl-1.1.144-1.armv7l/usr/share/chromium-efl/lib/libv8.so	_ZN2v88internal7Isolate23set_icu_object_in_cacheENS1_18ICUObjectCacheTypeENS0_12DirectHandleINS0_6ObjectEEESt10shared_ptrIN3icu7UMemoryEE
chromium-efl-1.1.144-1.armv7l/usr/share/chromium-efl/lib/libv8.so	_ZN2v88internal7Isolate25RunReleaseCppHeapCallbackESt10unique_ptrINS_7CppHeapESt14default_deleteIS3_EE
chromium-efl-1.1.144-1.armv7l/usr/share/chromium-efl/lib/libv8.so	_ZN2v88internal7Isolate25SetReleaseCppHeapCallbackEPFvSt10unique_ptrINS_7CppHeapESt14default_deleteIS3_EEE
chromium-efl-1.1.144-1.armv7l/usr/share/chromium-efl/lib/libv8.so	_ZN2v88internal7Isolate26SetCrashKeyStringCallbacksESt8functionIFPvPKcNS_12CrashKeySizeEEES2_IFvS3_St17basic_string_viewIcSt11char_traitsIcEEEE
chromium-efl-1.1.144-1.armv7l/usr/share/chromium-efl/lib/libv8.so	_ZN2v88internal7Isolate27WalkCallStackAndPromiseTreeENS0_17MaybeDirectHandleINS0_9JSPromiseEEERKSt8functionIFvNS1_14PromiseHandlerEEE
chromium-efl-1.1.144-1.armv7l/usr/share/chromium-efl/lib/libv8.so	_ZN2v88internal7LogFile18IsLoggingToConsoleENSt7__cxx1112basic_stringIcSt11char_traitsIcESaIcEEE
chromium-efl-1.1.144-1.armv7l/usr/share/chromium-efl/lib/libv8.so	_ZN2v88internal7LogFile24IsLoggingToTemporaryFileENSt7__cxx1112basic_stringIcSt11char_traitsIcESaIcEEE
chromium-efl-1.1.144-1.armv7l/usr/share/chromium-efl/lib/libv8.so	_ZN2v88internal7metrics8Recorder19SetEmbedderRecorderEPNS0_7IsolateERKSt10shared_ptrINS_7metrics8RecorderEE
chromium-efl-1.1.144-1.armv7l/usr/share/chromium-efl/lib/libv8.so	_ZN2v88internal7metrics8Recorder5DelayEOSt10unique_ptrINS2_16DelayedEventBaseESt14default_deleteIS4_EE
chromium-efl-1.1.144-1.armv7l/usr/share/chromium-efl/lib/libv8.so	_ZN2v88internal8LiveEdit14CompareStringsEPNS0_7IsolateENS0_6HandleINS0_6StringEEES6_PSt6vectorINS0_17SourceChangeRangeESaIS8_EE
chromium-efl-1.1.144-1.armv7l/usr/share/chromium-efl/lib/libv8.so	_ZN2v88internal8LiveEdit17TranslatePositionERKSt6vectorINS0_17SourceChangeRangeESaIS3_EEi
chromium-efl-1.1.144-1.armv7l/usr/share/chromium-efl/lib/libv8.so	_ZN2v88internal8ReadFileB5cxx11EP8_IO_FILEPbb
chromium-efl-1.1.144-1.armv7l/usr/share/chromium-efl/lib/libv8.so	_ZN2v88internal8ReadFileB5cxx11EPKcPbb
chromium-efl-1.1.144-1.armv7l/usr/share/chromium-efl/lib/libv8.so	_ZN2v88internal8ToStringB5cxx11ENS0_12InstanceTypeE
chromium-efl-1.1.144-1.armv7l/usr/share/chromium-efl/lib/libv8.so	_ZN2v88internal8compiler10BitsetType5PrintERSoy
chromium-efl-1.1.144-1.armv7l/usr/share/chromium-efl/lib/libv8.so	_ZN2v88internal8compiler10turboshaft28TurboshaftSpecialRPONumberer15ComputeLoopInfoEjRNS0_10ZoneVectorISt4pairIPKNS2_5BlockEjEEE
chromium-efl-1.1.144-1.armv7l/usr/share/chromium-efl/lib/libv8.so	_ZN2v88internal8compiler10turboshaft4Type15ParseFromStringERKSt17basic_string_viewIcSt11char_traitsIcEEPNS0_4ZoneE
chromium-efl-1.1.144-1.armv7l/usr/share/chromium-efl/lib/libv8.so	_ZN2v88internal8compiler10turboshaft8Pipeline12GenerateCodeEPNS1_7LinkageESt10shared_ptrINS1_9OsrHelperEEPNS0_20JumpOptimizationInfoEPKNS0_19ProfileDataFromFileEi
chromium-efl-1.1.144-1.armv7l/usr/share/chromium-efl/lib/libv8.so	_ZN2v88internal8compiler10turboshaft8WordTypeILj32EE3SetERKSt6vectorIjSaIjEEPNS0_4ZoneE
chromium-efl-1.1.144-1.armv7l/usr/share/chromium-efl/lib/libv8.so	_ZN2v88internal8compiler10turboshaft8WordTypeILj64EE3SetERKSt6vectorIySaIyEEPNS0_4ZoneE
chromium-efl-1.1.144-1.armv7l/usr/share/chromium-efl/lib/libv8.so	_ZN2v88internal8compiler10turboshaft9FloatTypeILj32EE3SetERKSt6vectorIfSaIfEEPNS0_4ZoneE
chromium-efl-1.1.144-1.armv7l/usr/share/chromium-efl/lib/libv8.so	_ZN2v88internal8compiler10turboshaft9FloatTypeILj32EE3SetERKSt6vectorIfSaIfEEjPNS0_4ZoneE
chromium-efl-1.1.144-1.armv7l/usr/share/chromium-efl/lib/libv8.so	_ZN2v88internal8compiler10turboshaft9FloatTypeILj64EE3SetERKSt6vectorIdSaIdEEPNS0_4ZoneE
chromium-efl-1.1.144-1.armv7l/usr/share/chromium-efl/lib/libv8.so	_ZN2v88internal8compiler10turboshaft9FloatTypeILj64EE3SetERKSt6vectorIdSaIdEEjPNS0_4ZoneE
chromium-efl-1.1.144-1.armv7l/usr/share/chromium-efl/lib/libv8.so	_ZN2v88internal8compiler10turboshaftlsERSoNS2_10BlockIndexE
chromium-efl-1.1.144-1.armv7l/usr/share/chromium-efl/lib/libv8.so	_ZN2v88internal8compiler10turboshaftlsERSoNS2_10NewArrayOp4KindE
chromium-efl-1.1.144-1.armv7l/usr/share/chromium-efl/lib/libv8.so	_ZN2v88internal8compiler10turboshaftlsERSoNS2_10ObjectIsOp16InputAssumptionsE
chromium-efl-1.1.144-1.armv7l/usr/share/chromium-efl/lib/libv8.so	_ZN2v88internal8compiler10turboshaftlsERSoNS2_10ObjectIsOp4KindE
chromium-efl-1.1.144-1.armv7l/usr/share/chromium-efl/lib/libv8.so	_ZN2v88internal8compiler10turboshaftlsERSoNS2_10StringAtOp4KindE
chromium-efl-1.1.144-1.armv7l/usr/share/chromium-efl/lib/libv8.so	_ZN2v88internal8compiler10turboshaftlsERSoNS2_10TypeHintOp4TypeE
chromium-efl-1.1.144-1.armv7l/usr/share/chromium-efl/lib/libv8.so	_ZN2v88internal8compiler10turboshaftlsERSoNS2_11AtomicRMWOp5BinOpE
chromium-efl-1.1.144-1.armv7l/usr/share/chromium-efl/lib/libv8.so	_ZN2v88internal8compiler10turboshaftlsERSoNS2_11NumericKindE
chromium-efl-1.1.144-1.armv7l/usr/share/chromium-efl/lib/libv8.so	_ZN2v88internal8compiler10turboshaftlsERSoNS2_11SameValueOp4ModeE
chromium-efl-1.1.144-1.armv7l/usr/share/chromium-efl/lib/libv8.so	_ZN2v88internal8compiler10turboshaftlsERSoNS2_11TryChangeOp4KindE
chromium-efl-1.1.144-1.armv7l/usr/share/chromium-efl/lib/libv8.so	_ZN2v88internal8compiler10turboshaftlsERSoNS2_11WordUnaryOp4KindE
chromium-efl-1.1.144-1.armv7l/usr/share/chromium-efl/lib/libv8.so	_ZN2v88internal8compiler10turboshaftlsERSoNS2_12ComparisonOp4KindE
chromium-efl-1.1.144-1.armv7l/usr/share/chromium-efl/lib/libv8.so	_ZN2v88internal8compiler10turboshaftlsERSoNS2_12FloatUnaryOp4KindE
chromium-efl-1.1.144-1.armv7l/usr/share/chromium-efl/lib/libv8.so	_ZN2v88internal8compiler10turboshaftlsERSoNS2_12PaddingSpaceE
chromium-efl-1.1.144-1.armv7l/usr/share/chromium-efl/lib/libv8.so	_ZN2v88internal8compiler10turboshaftlsERSoNS2_13BigIntBinopOp4KindE
chromium-efl-1.1.144-1.armv7l/usr/share/chromium-efl/lib/libv8.so	_ZN2v88internal8compiler10turboshaftlsERSoNS2_13BigIntUnaryOp4KindE
chromium-efl-1.1.144-1.armv7l/usr/share/chromium-efl/lib/libv8.so	_ZN2v88internal8compiler10turboshaftlsERSoNS2_13GenericUnopOp4KindE
chromium-efl-1.1.144-1.armv7l/usr/share/chromium-efl/lib/libv8.so	_ZN2v88internal8compiler10turboshaftlsERSoNS2_13Simd128TestOp4KindE
chromium-efl-1.1.144-1.armv7l/usr/share/chromium-efl/lib/libv8.so	_ZN2v88internal8compiler10turboshaftlsERSoNS2_14GenericBinopOp4KindE
chromium-efl-1.1.144-1.armv7l/usr/share/chromium-efl/lib/libv8.so	_ZN2v88internal8compiler10turboshaftlsERSoNS2_14JSStackCheckOp4KindE
chromium-efl-1.1.144-1.armv7l/usr/share/chromium-efl/lib/libv8.so	_ZN2v88internal8compiler10turboshaftlsERSoNS2_14Simd128BinopOp4KindE
chromium-efl-1.1.144-1.armv7l/usr/share/chromium-efl/lib/libv8.so	_ZN2v88internal8compiler10turboshaftlsERSoNS2_14Simd128ShiftOp4KindE
chromium-efl-1.1.144-1.armv7l/usr/share/chromium-efl/lib/libv8.so	_ZN2v88internal8compiler10turboshaftlsERSoNS2_14Simd128SplatOp4KindE
chromium-efl-1.1.144-1.armv7l/usr/share/chromium-efl/lib/libv8.so	_ZN2v88internal8compiler10turboshaftlsERSoNS2_14Simd128UnaryOp4KindE
chromium-efl-1.1.144-1.armv7l/usr/share/chromium-efl/lib/libv8.so	_ZN2v88internal8compiler10turboshaftlsERSoNS2_15ChangeOrDeoptOp4KindE
chromium-efl-1.1.144-1.armv7l/usr/share/chromium-efl/lib/libv8.so	_ZN2v88internal8compiler10turboshaftlsERSoNS2_15FrameConstantOp4KindE
chromium-efl-1.1.144-1.armv7l/usr/share/chromium-efl/lib/libv8.so	_ZN2v88internal8compiler10turboshaftlsERSoNS2_15Simd128ReduceOp4KindE
chromium-efl-1.1.144-1.armv7l/usr/share/chromium-efl/lib/libv8.so	_ZN2v88internal8compiler10turboshaftlsERSoNS2_16Simd128TernaryOp4KindE
chromium-efl-1.1.144-1.armv7l/usr/share/chromium-efl/lib/libv8.so	_ZN2v88internal8compiler10turboshaftlsERSoNS2_17ArgumentsLengthOp4KindE
chromium-efl-1.1.144-1.armv7l/usr/share/chromium-efl/lib/libv8.so	_ZN2v88internal8compiler10turboshaftlsERSoNS2_18AtomicWord32PairOp4KindE
chromium-efl-1.1.144-1.armv7l/usr/share/chromium-efl/lib/libv8.so	_ZN2v88internal8compiler10turboshaftlsERSoNS2_18BigIntComparisonOp4KindE
chromium-efl-1.1.144-1.armv7l/usr/share/chromium-efl/lib/libv8.so	_ZN2v88internal8compiler10turboshaftlsERSoNS2_18PrintAsBlockHeaderE
chromium-efl-1.1.144-1.armv7l/usr/share/chromium-efl/lib/libv8.so	_ZN2v88internal8compiler10turboshaftlsERSoNS2_18StringComparisonOp4KindE
chromium-efl-1.1.144-1.armv7l/usr/share/chromium-efl/lib/libv8.so	_ZN2v88internal8compiler10turboshaftlsERSoNS2_18StringToCaseIntlOp4KindE
chromium-efl-1.1.144-1.armv7l/usr/share/chromium-efl/lib/libv8.so	_ZN2v88internal8compiler10turboshaftlsERSoNS2_19DoubleArrayMinMaxOp4KindE
chromium-efl-1.1.144-1.armv7l/usr/share/chromium-efl/lib/libv8.so	_ZN2v88internal8compiler10turboshaftlsERSoNS2_19OperationPrintStyleE
chromium-efl-1.1.144-1.armv7l/usr/share/chromium-efl/lib/libv8.so	_ZN2v88internal8compiler10turboshaftlsERSoNS2_20MemoryRepresentationE
chromium-efl-1.1.144-1.armv7l/usr/share/chromium-efl/lib/libv8.so	_ZN2v88internal8compiler10turboshaftlsERSoNS2_22FindOrderedHashEntryOp4KindE
chromium-efl-1.1.144-1.armv7l/usr/share/chromium-efl/lib/libv8.so	_ZN2v88internal8compiler10turboshaftlsERSoNS2_22OverflowCheckedUnaryOp4KindE
chromium-efl-1.1.144-1.armv7l/usr/share/chromium-efl/lib/libv8.so	_ZN2v88internal8compiler10turboshaftlsERSoNS2_25ConvertWordToSmiOrDeoptOp19InputInterpretationE
chromium-efl-1.1.144-1.armv7l/usr/share/chromium-efl/lib/libv8.so	_ZN2v88internal8compiler10turboshaftlsERSoNS2_27MaybeRegisterRepresentationE
chromium-efl-1.1.144-1.armv7l/usr/share/chromium-efl/lib/libv8.so	_ZN2v88internal8compiler10turboshaftlsERSoNS2_30ConvertJSPrimitiveToUntaggedOp12UntaggedKindE
chromium-efl-1.1.144-1.armv7l/usr/share/chromium-efl/lib/libv8.so	_ZN2v88internal8compiler10turboshaftlsERSoNS2_30ConvertJSPrimitiveToUntaggedOp16InputAssumptionsE
chromium-efl-1.1.144-1.armv7l/usr/share/chromium-efl/lib/libv8.so	_ZN2v88internal8compiler10turboshaftlsERSoNS2_30ConvertUntaggedToJSPrimitiveOp15JSPrimitiveKindE
chromium-efl-1.1.144-1.armv7l/usr/share/chromium-efl/lib/libv8.so	_ZN2v88internal8compiler10turboshaftlsERSoNS2_31TruncateJSPrimitiveToUntaggedOp12UntaggedKindE
chromium-efl-1.1.144-1.armv7l/usr/share/chromium-efl/lib/libv8.so	_ZN2v88internal8compiler10turboshaftlsERSoNS2_31TruncateJSPrimitiveToUntaggedOp16InputAssumptionsE
chromium-efl-1.1.144-1.armv7l/usr/share/chromium-efl/lib/libv8.so	_ZN2v88internal8compiler10turboshaftlsERSoNS2_32TransitionAndStoreArrayElementOp4KindE
chromium-efl-1.1.144-1.armv7l/usr/share/chromium-efl/lib/libv8.so	_ZN2v88internal8compiler10turboshaftlsERSoNS2_37ConvertJSPrimitiveToUntaggedOrDeoptOp12UntaggedKindE
chromium-efl-1.1.144-1.armv7l/usr/share/chromium-efl/lib/libv8.so	_ZN2v88internal8compiler10turboshaftlsERSoNS2_37ConvertJSPrimitiveToUntaggedOrDeoptOp15JSPrimitiveKindE
chromium-efl-1.1.144-1.armv7l/usr/share/chromium-efl/lib/libv8.so	_ZN2v88internal8compiler10turboshaftlsERSoNS2_38TruncateJSPrimitiveToUntaggedOrDeoptOp12UntaggedKindE
chromium-efl-1.1.144-1.armv7l/usr/share/chromium-efl/lib/libv8.so	_ZN2v88internal8compiler10turboshaftlsERSoNS2_7OpIndexE
chromium-efl-1.1.144-1.armv7l/usr/share/chromium-efl/lib/libv8.so	_ZN2v88internal8compiler10turboshaftlsERSoNS2_7ShiftOp4KindE
chromium-efl-1.1.144-1.armv7l/usr/share/chromium-efl/lib/libv8.so	_ZN2v88internal8compiler10turboshaftlsERSoNS2_8ChangeOp10AssumptionE
chromium-efl-1.1.144-1.armv7l/usr/share/chromium-efl/lib/libv8.so	_ZN2v88internal8compiler10turboshaftlsERSoNS2_8ChangeOp4KindE
chromium-efl-1.1.144-1.armv7l/usr/share/chromium-efl/lib/libv8.so	_ZN2v88internal8compiler10turboshaftlsERSoNS2_8SelectOp14ImplementationE
chromium-efl-1.1.144-1.armv7l/usr/share/chromium-efl/lib/libv8.so	_ZN2v88internal8compiler10turboshaftlsERSoNS2_9ConvertOp4KindE
chromium-efl-1.1.144-1.armv7l/usr/share/chromium-efl/lib/libv8.so	_ZN2v88internal8compiler10turboshaftlsERSoNS2_9OpEffectsE
chromium-efl-1.1.144-1.armv7l/usr/share/chromium-efl/lib/libv8.so	_ZN2v88internal8compiler10turboshaftlsERSoPKNS2_5BlockE
chromium-efl-1.1.144-1.armv7l/usr/share/chromium-efl/lib/libv8.so	_ZN2v88internal8compiler10turboshaftlsERSoRKNS2_21TurboshaftGraphAsJSONE
chromium-efl-1.1.144-1.armv7l/usr/share/chromium-efl/lib/libv8.so	_ZN2v88internal8compiler10turboshaftlsERSoRKNS2_5Block4KindE
chromium-efl-1.1.144-1.armv7l/usr/share/chromium-efl/lib/libv8.so	_ZN2v88internal8compiler10turboshaftlsERSoRKNS2_5GraphE
chromium-efl-1.1.144-1.armv7l/usr/share/chromium-efl/lib/libv8.so	_ZN2v88internal8compiler13CodeAssembler11EmitCommentENSt7__cxx1112basic_stringIcSt11char_traitsIcESaIcEEE
chromium-efl-1.1.144-1.armv7l/usr/share/chromium-efl/lib/libv8.so	_ZN2v88internal8compiler13CodeAssembler13CallCFunctionEPNS1_4NodeESt8optionalINS0_11MachineTypeEESt16initializer_listISt4pairIS6_S4_EE
chromium-efl-1.1.144-1.armv7l/usr/share/chromium-efl/lib/libv8.so	_ZN2v88internal8compiler13CodeAssembler14CallJSStubImplERKNS0_23CallInterfaceDescriptorENS0_5TNodeINS0_6ObjectEEES8_S8_St8optionalIS8_ENS6_INS0_6Int32TEEES9_INS6_INS0_17JSDispatchHandleTEEEESt16initializer_listIPNS1_4NodeEE
chromium-efl-1.1.144-1.armv7l/usr/share/chromium-efl/lib/libv8.so	_ZN2v88internal8compiler13CodeAssembler27BuiltinCompilationScheduler11CompileCodeEPNS0_7IsolateESt10unique_ptrINS0_22TurbofanCompilationJobESt14default_deleteIS7_EE
chromium-efl-1.1.144-1.armv7l/usr/share/chromium-efl/lib/libv8.so	_ZN2v88internal8compiler13CodeAssembler27BuiltinCompilationScheduler8QueueJobEPNS0_7IsolateESt10unique_ptrINS0_22TurbofanCompilationJobESt14default_deleteIS7_EE
chromium-efl-1.1.144-1.armv7l/usr/share/chromium-efl/lib/libv8.so	_ZN2v88internal8compiler13CodeAssembler31RegisterCallGenerationCallbacksERKSt8functionIFvvEES7_
chromium-efl-1.1.144-1.armv7l/usr/share/chromium-efl/lib/libv8.so	_ZN2v88internal8compiler13CodeAssembler37CallCFunctionWithCallerSavedRegistersEPNS1_4NodeENS0_11MachineTypeENS0_14SaveFPRegsModeESt16initializer_listISt4pairIS5_S4_EE
chromium-efl-1.1.144-1.armv7l/usr/share/chromium-efl/lib/libv8.so	_ZN2v88internal8compiler13CodeAssembler38CallCFunctionWithoutFunctionDescriptorEPNS1_4NodeENS0_11MachineTypeESt16initializer_listISt4pairIS5_S4_EE
chromium-efl-1.1.144-1.armv7l/usr/share/chromium-efl/lib/libv8.so	_ZN2v88internal8compiler13CodeAssembler6BranchENS0_5TNodeINS0_5BoolTEEEPNS1_18CodeAssemblerLabelERKSt8functionIFvvEE
chromium-efl-1.1.144-1.armv7l/usr/share/chromium-efl/lib/libv8.so	_ZN2v88internal8compiler13CodeAssembler6BranchENS0_5TNodeINS0_5BoolTEEERKSt8functionIFvvEEPNS1_18CodeAssemblerLabelE
chromium-efl-1.1.144-1.armv7l/usr/share/chromium-efl/lib/libv8.so	_ZN2v88internal8compiler13CodeAssembler6BranchENS0_5TNodeINS0_5BoolTEEERKSt8functionIFvvEESA_
chromium-efl-1.1.144-1.armv7l/usr/share/chromium-efl/lib/libv8.so	_ZN2v88internal8compiler13CodeGenerator35AssembleArchBinarySearchSwitchRangeENS0_8RegisterENS1_9RpoNumberEPSt4pairIiPNS0_5LabelEES9_
chromium-efl-1.1.144-1.armv7l/usr/share/chromium-efl/lib/libv8.so	_ZN2v88internal8compiler13CodeGeneratorC1EPNS0_4ZoneEPNS1_5FrameEPNS1_7LinkageEPNS1_19InstructionSequenceEPNS0_24OptimizedCompilationInfoEPNS0_7IsolateESt8optionalINS1_9OsrHelperEEiPNS0_20JumpOptimizationInfoERKNS0_16AssemblerOptionsENS0_7BuiltinEjjPKc
chromium-efl-1.1.144-1.armv7l/usr/share/chromium-efl/lib/libv8.so	_ZN2v88internal8compiler13CodeGeneratorC2EPNS0_4ZoneEPNS1_5FrameEPNS1_7LinkageEPNS1_19InstructionSequenceEPNS0_24OptimizedCompilationInfoEPNS0_7IsolateESt8optionalINS1_9OsrHelperEEiPNS0_20JumpOptimizationInfoERKNS0_16AssemblerOptionsENS0_7BuiltinEjjPKc
chromium-efl-1.1.144-1.armv7l/usr/share/chromium-efl/lib/libv8.so	_ZN2v88internal8compiler13TurboJsonFileC1EPNS0_24OptimizedCompilationInfoESt13_Ios_Openmode
chromium-efl-1.1.144-1.armv7l/usr/share/chromium-efl/lib/libv8.so	_ZN2v88internal8compiler13TurboJsonFileC2EPNS0_24OptimizedCompilationInfoESt13_Ios_Openmode
chromium-efl-1.1.144-1.armv7l/usr/share/chromium-efl/lib/libv8.so	_ZN2v88internal8compiler14GraphAssemblerC1EPNS1_12MachineGraphEPNS0_4ZoneENS1_15BranchSemanticsESt8optionalISt8functionIFvPNS1_4NodeEEEEb
chromium-efl-1.1.144-1.armv7l/usr/share/chromium-efl/lib/libv8.so	_ZN2v88internal8compiler14GraphAssemblerC2EPNS1_12MachineGraphEPNS0_4ZoneENS1_15BranchSemanticsESt8optionalISt8functionIFvPNS1_4NodeEEEEb
chromium-efl-1.1.144-1.armv7l/usr/share/chromium-efl/lib/libv8.so	_ZN2v88internal8compiler15LoadElimination13AbstractState11FieldsMergeEPSt5arrayIPKNS2_13AbstractFieldELj32EERKS8_PNS0_4ZoneE
chromium-efl-1.1.144-1.armv7l/usr/share/chromium-efl/lib/libv8.so	_ZN2v88internal8compiler16JSCreateLowering14ReduceNewArrayEPNS1_4NodeESt6vectorIS4_SaIS4_EENS1_6MapRefENS0_12ElementsKindENS0_14AllocationTypeERKNS1_23SlackTrackingPredictionERKNS1_14FeedbackSourceE
chromium-efl-1.1.144-1.armv7l/usr/share/chromium-efl/lib/libv8.so	_ZN2v88internal8compiler16JSCreateLowering16AllocateElementsEPNS1_4NodeES4_NS0_12ElementsKindERKSt6vectorIS4_SaIS4_EENS0_14AllocationTypeE
chromium-efl-1.1.144-1.armv7l/usr/share/chromium-efl/lib/libv8.so	_ZN2v88internal8compiler16JSGraphAssembler14JSCallRuntime1ENS0_7Runtime10FunctionIdENS0_5TNodeINS0_6ObjectEEENS5_INS0_7ContextEEESt8optionalINS1_10FrameStateEENS_4base5FlagsINS1_8Operator8PropertyEhhEE
chromium-efl-1.1.144-1.armv7l/usr/share/chromium-efl/lib/libv8.so	_ZN2v88internal8compiler16JSGraphAssembler16TypedArrayLengthENS0_5TNodeINS0_12JSTypedArrayEEESt3setINS0_12ElementsKindESt4lessIS7_ESaIS7_EENS3_INS0_7ContextEEE
chromium-efl-1.1.144-1.armv7l/usr/share/chromium-efl/lib/libv8.so	_ZN2v88internal8compiler16JSGraphAssembler25ArrayBufferViewByteLengthENS0_5TNodeINS0_17JSArrayBufferViewEEENS0_12InstanceTypeESt3setINS0_12ElementsKindESt4lessIS8_ESaIS8_EENS3_INS0_7ContextEEE
chromium-efl-1.1.144-1.armv7l/usr/share/chromium-efl/lib/libv8.so	_ZN2v88internal8compiler16JSGraphAssembler41CheckIfTypedArrayWasDetachedOrOutOfBoundsENS0_5TNodeINS0_12JSTypedArrayEEESt3setINS0_12ElementsKindESt4lessIS7_ESaIS7_EERKNS1_14FeedbackSourceE
chromium-efl-1.1.144-1.armv7l/usr/share/chromium-efl/lib/libv8.so	_ZN2v88internal8compiler16StateValuesCache20FillBufferWithValuesEPSt5arrayIPNS1_4NodeELj8EEPjS8_PS5_jPKNS1_21BytecodeLivenessStateE
chromium-efl-1.1.144-1.armv7l/usr/share/chromium-efl/lib/libv8.so	_ZN2v88internal8compiler19RawMachineAssembler13CallCFunctionEPNS1_4NodeESt8optionalINS0_11MachineTypeEESt16initializer_listISt4pairIS6_S4_EE
chromium-efl-1.1.144-1.armv7l/usr/share/chromium-efl/lib/libv8.so	_ZN2v88internal8compiler19RawMachineAssembler26CreateNodeFromPredecessorsERKSt6vectorIPNS1_10BasicBlockESaIS5_EERKS3_IPNS1_4NodeESaISB_EEPKNS1_8OperatorESF_
chromium-efl-1.1.144-1.armv7l/usr/share/chromium-efl/lib/libv8.so	_ZN2v88internal8compiler19RawMachineAssembler32SetCurrentExternalSourcePositionESt4pairIPKciE
chromium-efl-1.1.144-1.armv7l/usr/share/chromium-efl/lib/libv8.so	_ZN2v88internal8compiler19RawMachineAssembler37CallCFunctionWithCallerSavedRegistersEPNS1_4NodeENS0_11MachineTypeENS0_14SaveFPRegsModeESt16initializer_listISt4pairIS5_S4_EE
chromium-efl-1.1.144-1.armv7l/usr/share/chromium-efl/lib/libv8.so	_ZN2v88internal8compiler19RawMachineAssembler38CallCFunctionWithoutFunctionDescriptorEPNS1_4NodeENS0_11MachineTypeESt16initializer_listISt4pairIS5_S4_EE
chromium-efl-1.1.144-1.armv7l/usr/share/chromium-efl/lib/libv8.so	_ZN2v88internal8compiler19RawMachineAssembler7CommentERKNSt7__cxx1112basic_stringIcSt11char_traitsIcESaIcEEE
chromium-efl-1.1.144-1.armv7l/usr/share/chromium-efl/lib/libv8.so	_ZN2v88internal8compiler21CommonOperatorBuilder14SLVerifierHintEPKNS1_8OperatorERKSt8optionalINS1_4TypeEE
chromium-efl-1.1.144-1.armv7l/usr/share/chromium-efl/lib/libv8.so	_ZN2v88internal8compiler24WasmAddressReassociation13CreateNewBaseERKSt5tupleIJjjjEE
chromium-efl-1.1.144-1.armv7l/usr/share/chromium-efl/lib/libv8.so	_ZN2v88internal8compiler27CodeAssemblerCompilationJob16NewJobForTestingEPNS0_7IsolateENS0_7BuiltinESt8functionIFvPNS1_18CodeAssemblerStateEEES6_IFvS5_NS0_6HandleINS0_4CodeEEEEES6_IFPNS1_14CallDescriptorEPNS0_4ZoneEEENS0_8CodeKindEPKc
chromium-efl-1.1.144-1.armv7l/usr/share/chromium-efl/lib/libv8.so	_ZN2v88internal8compiler8ToStringB5cxx11ERKNS1_21BytecodeLivenessStateE
chromium-efl-1.1.144-1.armv7l/usr/share/chromium-efl/lib/libv8.so	_ZN2v88internal8compilerlsERSoNS1_12ScopeInfoRefE
chromium-efl-1.1.144-1.armv7l/usr/share/chromium-efl/lib/libv8.so	_ZN2v88internal8compilerlsERSoNS1_14BaseTaggednessE
chromium-efl-1.1.144-1.armv7l/usr/share/chromium-efl/lib/libv8.so	_ZN2v88internal8compilerlsERSoNS1_15BranchSemanticsE
chromium-efl-1.1.144-1.armv7l/usr/share/chromium-efl/lib/libv8.so	_ZN2v88internal8compilerlsERSoNS1_16MemoryAccessKindE
chromium-efl-1.1.144-1.armv7l/usr/share/chromium-efl/lib/libv8.so	_ZN2v88internal8compilerlsERSoNS1_18AllocateParametersE
chromium-efl-1.1.144-1.armv7l/usr/share/chromium-efl/lib/libv8.so	_ZN2v88internal8compilerlsERSoNS1_18AtomicOpParametersE
chromium-efl-1.1.144-1.armv7l/usr/share/chromium-efl/lib/libv8.so	_ZN2v88internal8compilerlsERSoNS1_18LoadLaneParametersE
chromium-efl-1.1.144-1.armv7l/usr/share/chromium-efl/lib/libv8.so	_ZN2v88internal8compilerlsERSoNS1_18LoadTransformationE
chromium-efl-1.1.144-1.armv7l/usr/share/chromium-efl/lib/libv8.so	_ZN2v88internal8compilerlsERSoNS1_19BigIntOperationHintE
chromium-efl-1.1.144-1.armv7l/usr/share/chromium-efl/lib/libv8.so	_ZN2v88internal8compilerlsERSoNS1_19NumberOperationHintE
chromium-efl-1.1.144-1.armv7l/usr/share/chromium-efl/lib/libv8.so	_ZN2v88internal8compilerlsERSoNS1_19StoreLaneParametersE
chromium-efl-1.1.144-1.armv7l/usr/share/chromium-efl/lib/libv8.so	_ZN2v88internal8compilerlsERSoNS1_19StoreRepresentationE
chromium-efl-1.1.144-1.armv7l/usr/share/chromium-efl/lib/libv8.so	_ZN2v88internal8compilerlsERSoNS1_20AtomicLoadParametersE
chromium-efl-1.1.144-1.armv7l/usr/share/chromium-efl/lib/libv8.so	_ZN2v88internal8compilerlsERSoNS1_20CheckTaggedInputModeE
chromium-efl-1.1.144-1.armv7l/usr/share/chromium-efl/lib/libv8.so	_ZN2v88internal8compilerlsERSoNS1_21AtomicStoreParametersE
chromium-efl-1.1.144-1.armv7l/usr/share/chromium-efl/lib/libv8.so	_ZN2v88internal8compilerlsERSoNS1_23LoadTransformParametersE
chromium-efl-1.1.144-1.armv7l/usr/share/chromium-efl/lib/libv8.so	_ZN2v88internal8compilerlsERSoNS1_23StackSlotRepresentationE
chromium-efl-1.1.144-1.armv7l/usr/share/chromium-efl/lib/libv8.so	_ZN2v88internal8compilerlsERSoNS1_4TypeE
chromium-efl-1.1.144-1.armv7l/usr/share/chromium-efl/lib/libv8.so	_ZN2v88internal8compilerlsERSoNS1_8IrOpcode5ValueE
chromium-efl-1.1.144-1.armv7l/usr/share/chromium-efl/lib/libv8.so	_ZN2v88internal8compilerlsERSoNS1_9ShiftKindE
chromium-efl-1.1.144-1.armv7l/usr/share/chromium-efl/lib/libv8.so	_ZN2v88internal8compilerlsERSoRKNS1_10ArchOpcodeE
chromium-efl-1.1.144-1.armv7l/usr/share/chromium-efl/lib/libv8.so	_ZN2v88internal8compilerlsERSoRKNS1_11FieldAccessE
chromium-efl-1.1.144-1.armv7l/usr/share/chromium-efl/lib/libv8.so	_ZN2v88internal8compilerlsERSoRKNS1_11GraphAsJSONE
chromium-efl-1.1.144-1.armv7l/usr/share/chromium-efl/lib/libv8.so	_ZN2v88internal8compilerlsERSoRKNS1_12MoveOperandsE
chromium-efl-1.1.144-1.armv7l/usr/share/chromium-efl/lib/libv8.so	_ZN2v88internal8compilerlsERSoRKNS1_12ObjectAccessE
chromium-efl-1.1.144-1.armv7l/usr/share/chromium-efl/lib/libv8.so	_ZN2v88internal8compilerlsERSoRKNS1_13ContextAccessE
chromium-efl-1.1.144-1.armv7l/usr/share/chromium-efl/lib/libv8.so	_ZN2v88internal8compilerlsERSoRKNS1_13ElementAccessE
chromium-efl-1.1.144-1.armv7l/usr/share/chromium-efl/lib/libv8.so	_ZN2v88internal8compilerlsERSoRKNS1_13WasmFieldInfoE
chromium-efl-1.1.144-1.armv7l/usr/share/chromium-efl/lib/libv8.so	_ZN2v88internal8compilerlsERSoRKNS1_14AddressingModeE
chromium-efl-1.1.144-1.armv7l/usr/share/chromium-efl/lib/libv8.so	_ZN2v88internal8compilerlsERSoRKNS1_14CallDescriptor4KindE
chromium-efl-1.1.144-1.armv7l/usr/share/chromium-efl/lib/libv8.so	_ZN2v88internal8compilerlsERSoRKNS1_14ConstFieldInfoE
chromium-efl-1.1.144-1.armv7l/usr/share/chromium-efl/lib/libv8.so	_ZN2v88internal8compilerlsERSoRKNS1_14FeedbackSourceE
chromium-efl-1.1.144-1.armv7l/usr/share/chromium-efl/lib/libv8.so	_ZN2v88internal8compilerlsERSoRKNS1_14FlagsConditionE
chromium-efl-1.1.144-1.armv7l/usr/share/chromium-efl/lib/libv8.so	_ZN2v88internal8compilerlsERSoRKNS1_14PropertyAccessE
chromium-efl-1.1.144-1.armv7l/usr/share/chromium-efl/lib/libv8.so	_ZN2v88internal8compilerlsERSoRKNS1_15WasmElementInfoE
chromium-efl-1.1.144-1.armv7l/usr/share/chromium-efl/lib/libv8.so	_ZN2v88internal8compilerlsERSoRKNS1_17IfValueParametersE
chromium-efl-1.1.144-1.armv7l/usr/share/chromium-efl/lib/libv8.so	_ZN2v88internal8compilerlsERSoRKNS1_19InstructionSequenceE
chromium-efl-1.1.144-1.armv7l/usr/share/chromium-efl/lib/libv8.so	_ZN2v88internal8compilerlsERSoRKNS1_20JSWasmCallParametersE
chromium-efl-1.1.144-1.armv7l/usr/share/chromium-efl/lib/libv8.so	_ZN2v88internal8compilerlsERSoRKNS1_21FastApiCallParametersE
chromium-efl-1.1.144-1.armv7l/usr/share/chromium-efl/lib/libv8.so	_ZN2v88internal8compilerlsERSoRKNS1_22EmbeddedFeedbackSourceE
chromium-efl-1.1.144-1.armv7l/usr/share/chromium-efl/lib/libv8.so	_ZN2v88internal8compilerlsERSoRKNS1_23AssertNotNullParametersE
chromium-efl-1.1.144-1.armv7l/usr/share/chromium-efl/lib/libv8.so	_ZN2v88internal8compilerlsERSoRKNS1_24CheckMinusZeroParametersE
chromium-efl-1.1.144-1.armv7l/usr/share/chromium-efl/lib/libv8.so	_ZN2v88internal8compilerlsERSoRKNS1_24SLVerifierHintParametersE
chromium-efl-1.1.144-1.armv7l/usr/share/chromium-efl/lib/libv8.so	_ZN2v88internal8compilerlsERSoRKNS1_25BigIntOperationParametersE
chromium-efl-1.1.144-1.armv7l/usr/share/chromium-efl/lib/libv8.so	_ZN2v88internal8compilerlsERSoRKNS1_25NumberOperationParametersE
chromium-efl-1.1.144-1.armv7l/usr/share/chromium-efl/lib/libv8.so	_ZN2v88internal8compilerlsERSoRKNS1_26ExitMachineGraphParametersE
chromium-efl-1.1.144-1.armv7l/usr/share/chromium-efl/lib/libv8.so	_ZN2v88internal8compilerlsERSoRKNS1_30SpeculativeBigIntAsNParametersE
chromium-efl-1.1.144-1.armv7l/usr/share/chromium-efl/lib/libv8.so	_ZN2v88internal8compilerlsERSoRKNS1_5AsRPOE
chromium-efl-1.1.144-1.armv7l/usr/share/chromium-efl/lib/libv8.so	_ZN2v88internal8compilerlsERSoRKNS1_8OperatorE
chromium-efl-1.1.144-1.armv7l/usr/share/chromium-efl/lib/libv8.so	_ZN2v88internal8compilerlsERSoRKNS1_8ScheduleE
chromium-efl-1.1.144-1.armv7l/usr/share/chromium-efl/lib/libv8.so	_ZN2v88internal8compilerlsERSoRKNS1_9FlagsModeE
chromium-efl-1.1.144-1.armv7l/usr/share/chromium-efl/lib/libv8.so	_ZN2v88internal8compilerlsERSoRKNS1_9RpoNumberE
chromium-efl-1.1.144-1.armv7l/usr/share/chromium-efl/lib/libv8.so	_ZN2v88internal9AssemblerC1ERKNS0_16AssemblerOptionsESt10unique_ptrINS0_15AssemblerBufferESt14default_deleteIS6_EE
chromium-efl-1.1.144-1.armv7l/usr/share/chromium-efl/lib/libv8.so	_ZN2v88internal9AssemblerC2ERKNS0_16AssemblerOptionsESt10unique_ptrINS0_15AssemblerBufferESt14default_deleteIS6_EE
chromium-efl-1.1.144-1.armv7l/usr/share/chromium-efl/lib/libv8.so	_ZN2v88internal9FieldType7PrintToENS0_6TaggedIS1_EERSo
chromium-efl-1.1.144-1.armv7l/usr/share/chromium-efl/lib/libv8.so	_ZN2v88internal9LocalHeap23AttachPersistentHandlesESt10unique_ptrINS0_17PersistentHandlesESt14default_deleteIS3_EE
chromium-efl-1.1.144-1.armv7l/usr/share/chromium-efl/lib/libv8.so	_ZN2v88internal9LocalHeapC1EPNS0_4HeapENS0_10ThreadKindESt10unique_ptrINS0_17PersistentHandlesESt14default_deleteIS6_EE
chromium-efl-1.1.144-1.armv7l/usr/share/chromium-efl/lib/libv8.so	_ZN2v88internal9LocalHeapC2EPNS0_4HeapENS0_10ThreadKindESt10unique_ptrINS0_17PersistentHandlesESt14default_deleteIS6_EE
chromium-efl-1.1.144-1.armv7l/usr/share/chromium-efl/lib/libv8.so	_ZN2v88internal9ParseInfo20set_character_streamESt10unique_ptrINS0_20Utf16CharacterStreamESt14default_deleteIS3_EE
chromium-efl-1.1.144-1.armv7l/usr/share/chromium-efl/lib/libv8.so	_ZN2v88internallsERSoNS0_10BranchHintE
chromium-efl-1.1.144-1.armv7l/usr/share/chromium-efl/lib/libv8.so	_ZN2v88internallsERSoNS0_11AbortReasonE
chromium-efl-1.1.144-1.armv7l/usr/share/chromium-efl/lib/libv8.so	_ZN2v88internallsERSoNS0_11MachineTypeE
chromium-efl-1.1.144-1.armv7l/usr/share/chromium-efl/lib/libv8.so	_ZN2v88internallsERSoNS0_12ElementsKindE
chromium-efl-1.1.144-1.armv7l/usr/share/chromium-efl/lib/libv8.so	_ZN2v88internallsERSoNS0_12FeedbackSlotE
chromium-efl-1.1.144-1.armv7l/usr/share/chromium-efl/lib/libv8.so	_ZN2v88internallsERSoNS0_12InstanceTypeE
chromium-efl-1.1.144-1.armv7l/usr/share/chromium-efl/lib/libv8.so	_ZN2v88internallsERSoNS0_14BytecodeOffsetE
chromium-efl-1.1.144-1.armv7l/usr/share/chromium-efl/lib/libv8.so	_ZN2v88internallsERSoNS0_16DeoptimizeReasonE
chromium-efl-1.1.144-1.armv7l/usr/share/chromium-efl/lib/libv8.so	_ZN2v88internallsERSoNS0_16FeedbackSlotKindE
chromium-efl-1.1.144-1.armv7l/usr/share/chromium-efl/lib/libv8.so	_ZN2v88internallsERSoNS0_16PropertyCellTypeE
chromium-efl-1.1.144-1.armv7l/usr/share/chromium-efl/lib/libv8.so	_ZN2v88internallsERSoNS0_17ExternalReferenceE
chromium-efl-1.1.144-1.armv7l/usr/share/chromium-efl/lib/libv8.so	_ZN2v88internallsERSoNS0_17PropertyConstnessE
chromium-efl-1.1.144-1.armv7l/usr/share/chromium-efl/lib/libv8.so	_ZN2v88internallsERSoNS0_21MachineRepresentationE
chromium-efl-1.1.144-1.armv7l/usr/share/chromium-efl/lib/libv8.so	_ZN2v88internallsERSoNS0_6Object10ConversionE
chromium-efl-1.1.144-1.armv7l/usr/share/chromium-efl/lib/libv8.so	_ZN2v88internallsERSoNS0_6TaggedINS0_6ObjectEEE
chromium-efl-1.1.144-1.armv7l/usr/share/chromium-efl/lib/libv8.so	_ZN2v88internallsERSoNS0_7Runtime10FunctionIdE
chromium-efl-1.1.144-1.armv7l/usr/share/chromium-efl/lib/libv8.so	_ZN2v88internallsERSoRKNS0_10AsHexBytesE
chromium-efl-1.1.144-1.armv7l/usr/share/chromium-efl/lib/libv8.so	_ZN2v88internallsERSoRKNS0_14RepresentationE
chromium-efl-1.1.144-1.armv7l/usr/share/chromium-efl/lib/libv8.so	_ZN2v88internallsERSoRKNS0_18PropertyAttributesE
chromium-efl-1.1.144-1.armv7l/usr/share/chromium-efl/lib/libv8.so	_ZN2v88internallsERSoRKNS0_20AsEscapedUC16ForJSONE
chromium-efl-1.1.144-1.armv7l/usr/share/chromium-efl/lib/libv8.so	_ZN2v88internallsERSoRKNS0_5AsHexE
chromium-efl-1.1.144-1.armv7l/usr/share/chromium-efl/lib/libv8.so	_ZN2v88internallsERSoRKNS0_5BriefE
chromium-efl-1.1.144-1.armv7l/usr/share/chromium-efl/lib/libv8.so	_ZN3icu6number28NumberRangeFormatterSettingsINS0_29LocalizedNumberRangeFormatterEEC2Ev
chromium-efl-1.1.144-1.armv7l/usr/share/chromium-efl/lib/libv8.so	_ZN3icu6number28NumberRangeFormatterSettingsINS0_31UnlocalizedNumberRangeFormatterEEC2Ev
chromium-efl-1.1.144-1.armv7l/usr/share/chromium-efl/lib/libv8.so	_ZN5cppgc4Heap6CreateESt10shared_ptrINS_8PlatformEENS0_11HeapOptionsE
chromium-efl-1.1.144-1.armv7l/usr/share/chromium-efl/lib/libv8.so	_ZN5cppgc8internal11GCInfoTable17RegisterNewGCInfoERSt6atomicItERKNS0_6GCInfoE
chromium-efl-1.1.144-1.armv7l/usr/share/chromium-efl/lib/libv8.so	_ZN5cppgc8internal19MarkingVerifierBase3RunENS_18EmbedderStackStateESt8optionalIjE
chromium-efl-1.1.144-1.armv7l/usr/share/chromium-efl/lib/libv8.so	_ZN5cppgc8internal19MarkingVerifierBaseC1ERNS0_8HeapBaseENS0_14CollectionTypeERNS0_17VerificationStateESt10unique_ptrINS_7VisitorESt14default_deleteIS8_EE
chromium-efl-1.1.144-1.armv7l/usr/share/chromium-efl/lib/libv8.so	_ZN5cppgc8internal19MarkingVerifierBaseC2ERNS0_8HeapBaseENS0_14CollectionTypeERNS0_17VerificationStateESt10unique_ptrINS_7VisitorESt14default_deleteIS8_EE
chromium-efl-1.1.144-1.armv7l/usr/share/chromium-efl/lib/libv8.so	_ZN5cppgc8internal22EnsureGCInfoIndexTrait17EnsureGCInfoIndexERSt6atomicItEPFvPNS_7VisitorEPKvE
chromium-efl-1.1.144-1.armv7l/usr/share/chromium-efl/lib/libv8.so	_ZN5cppgc8internal22EnsureGCInfoIndexTrait17EnsureGCInfoIndexERSt6atomicItEPFvPNS_7VisitorEPKvEPFNS0_14HeapObjectNameES8_NS0_30HeapObjectNameForUnnamedObjectEE
chromium-efl-1.1.144-1.armv7l/usr/share/chromium-efl/lib/libv8.so	_ZN5cppgc8internal22EnsureGCInfoIndexTrait17EnsureGCInfoIndexERSt6atomicItEPFvPNS_7VisitorEPKvEPFvPvE
chromium-efl-1.1.144-1.armv7l/usr/share/chromium-efl/lib/libv8.so	_ZN5cppgc8internal22EnsureGCInfoIndexTrait17EnsureGCInfoIndexERSt6atomicItEPFvPNS_7VisitorEPKvEPFvPvEPFNS0_14HeapObjectNameES8_NS0_30HeapObjectNameForUnnamedObjectEE
chromium-efl-1.1.144-1.armv7l/usr/share/chromium-efl/lib/libv8.so	_ZN5cppgc8internal23FatalOutOfMemoryHandler16SetCustomHandlerEPFvRKNSt7__cxx1112basic_stringIcSt11char_traitsIcESaIcEEEN2v814SourceLocationEPNS0_8HeapBaseEE
chromium-efl-1.1.144-1.armv7l/usr/share/chromium-efl/lib/libv8.so	_ZN5cppgc8internal4HeapC1ESt10shared_ptrINS_8PlatformEENS_4Heap11HeapOptionsE
chromium-efl-1.1.144-1.armv7l/usr/share/chromium-efl/lib/libv8.so	_ZN5cppgc8internal4HeapC2ESt10shared_ptrINS_8PlatformEENS_4Heap11HeapOptionsE
chromium-efl-1.1.144-1.armv7l/usr/share/chromium-efl/lib/libv8.so	_ZN5cppgc8internal5FatalERKNSt7__cxx1112basic_stringIcSt11char_traitsIcESaIcEEEN2v814SourceLocationE
chromium-efl-1.1.144-1.armv7l/usr/share/chromium-efl/lib/libv8.so	_ZN5cppgc8internal7RawHeapC1EPNS0_8HeapBaseERKSt6vectorISt10unique_ptrINS_15CustomSpaceBaseESt14default_deleteIS6_EESaIS9_EE
chromium-efl-1.1.144-1.armv7l/usr/share/chromium-efl/lib/libv8.so	_ZN5cppgc8internal7RawHeapC2EPNS0_8HeapBaseERKSt6vectorISt10unique_ptrINS_15CustomSpaceBaseESt14default_deleteIS6_EESaIS9_EE
chromium-efl-1.1.144-1.armv7l/usr/share/chromium-efl/lib/libv8.so	_ZN5cppgc8internal8HeapBaseC2ESt10shared_ptrINS_8PlatformEERKSt6vectorISt10unique_ptrINS_15CustomSpaceBaseESt14default_deleteIS7_EESaISA_EENS_4Heap12StackSupportENSF_11MarkingTypeENSF_12SweepingTypeERNS0_16GarbageCollectorE
chromium-efl-1.1.144-1.armv7l/usr/share/chromium-efl/lib/libv8.so	_ZN7unibrow4Wtf817ScanForSurrogatesEN2v84base6VectorIKhEEPSt6vectorIjSaIjEE
chromium-efl-1.1.144-1.armv7l/usr/share/chromium-efl/lib/libv8.so	_ZNK12v8_inspector8String164utf8B5cxx11Ev
chromium-efl-1.1.144-1.armv7l/usr/share/chromium-efl/lib/libv8.so	_ZNK2v85debug6Script22GetPossibleBreakpointsERKNS0_8LocationES4_bPSt6vectorINS0_13BreakLocationESaIS6_EE
chromium-efl-1.1.144-1.armv7l/usr/share/chromium-efl/lib/libv8.so	_ZNK2v87tracing11TracedValue19AppendAsTraceFormatEPNSt7__cxx1112basic_stringIcSt11char_traitsIcESaIcEEE
chromium-efl-1.1.144-1.armv7l/usr/share/chromium-efl/lib/libv8.so	_ZNK2v88internal11interpreter12BytecodeNode5PrintERSo
chromium-efl-1.1.144-1.armv7l/usr/share/chromium-efl/lib/libv8.so	_ZNK2v88internal11interpreter21BytecodeArrayIterator22PrintCurrentBytecodeToERSo
chromium-efl-1.1.144-1.armv7l/usr/share/chromium-efl/lib/libv8.so	_ZNK2v88internal11interpreter8Register8ToStringB5cxx11Ev
chromium-efl-1.1.144-1.armv7l/usr/share/chromium-efl/lib/libv8.so	_ZNK2v88internal12V8FileLogger9file_nameB5cxx11Ev
chromium-efl-1.1.144-1.armv7l/usr/share/chromium-efl/lib/libv8.so	_ZNK2v88internal13FeedbackNexus22ExtractMapsAndHandlersEPNS0_15MapsAndHandlersESt8functionIFNS0_11MaybeHandleINS0_3MapEEENS0_6HandleIS6_EEEE
chromium-efl-1.1.144-1.armv7l/usr/share/chromium-efl/lib/libv8.so	_ZNK2v88internal13ScopeIterator10VisitScopeERKSt8functionIFbNS0_6HandleINS0_6StringEEENS3_INS0_6ObjectEEENS1_9ScopeTypeEEENS1_4ModeE
chromium-efl-1.1.144-1.armv7l/usr/share/chromium-efl/lib/libv8.so	_ZNK2v88internal13ScopeIterator11VisitLocalsERKSt8functionIFbNS0_6HandleINS0_6StringEEENS3_INS0_6ObjectEEENS1_9ScopeTypeEEENS1_4ModeES8_
chromium-efl-1.1.144-1.armv7l/usr/share/chromium-efl/lib/libv8.so	_ZNK2v88internal13ScopeIterator15VisitLocalScopeERKSt8functionIFbNS0_6HandleINS0_6StringEEENS3_INS0_6ObjectEEENS1_9ScopeTypeEEENS1_4ModeES8_
chromium-efl-1.1.144-1.armv7l/usr/share/chromium-efl/lib/libv8.so	_ZNK2v88internal13ScopeIterator16VisitModuleScopeERKSt8functionIFbNS0_6HandleINS0_6StringEEENS3_INS0_6ObjectEEENS1_9ScopeTypeEEE
chromium-efl-1.1.144-1.armv7l/usr/share/chromium-efl/lib/libv8.so	_ZNK2v88internal13ScopeIterator16VisitScriptScopeERKSt8functionIFbNS0_6HandleINS0_6StringEEENS3_INS0_6ObjectEEENS1_9ScopeTypeEEE
chromium-efl-1.1.144-1.armv7l/usr/share/chromium-efl/lib/libv8.so	_ZNK2v88internal13ScopeIterator18VisitContextLocalsERKSt8functionIFbNS0_6HandleINS0_6StringEEENS3_INS0_6ObjectEEENS1_9ScopeTypeEEENS0_12DirectHandleINS0_9ScopeInfoEEENSD_INS0_7ContextEEES8_
chromium-efl-1.1.144-1.armv7l/usr/share/chromium-efl/lib/libv8.so	_ZNK2v88internal4wasm13ValueTypeBase21generic_heaptype_nameB5cxx11Ev
chromium-efl-1.1.144-1.armv7l/usr/share/chromium-efl/lib/libv8.so	_ZNK2v88internal4wasm13ValueTypeBase4nameB5cxx11Ev
chromium-efl-1.1.144-1.armv7l/usr/share/chromium-efl/lib/libv8.so	_ZNK2v88internal4wasm19WasmModuleSourceMap11GetFilenameB5cxx11Ej
chromium-efl-1.1.144-1.armv7l/usr/share/chromium-efl/lib/libv8.so	_ZNK2v88internal4wasm8WasmCode11DisassembleEPKcRSoj
chromium-efl-1.1.144-1.armv7l/usr/share/chromium-efl/lib/libv8.so	_ZNK2v88internal4wasm8WasmCode9DebugNameB5cxx11Ev
chromium-efl-1.1.144-1.armv7l/usr/share/chromium-efl/lib/libv8.so	_ZNK2v88internal6Script27GetPositionInfoWithLineEndsEiPNS1_12PositionInfoERKNS_4base11SmallVectorIiLj32ESaIiEEENS1_10OffsetFlagE
chromium-efl-1.1.144-1.armv7l/usr/share/chromium-efl/lib/libv8.so	_ZNK2v88internal8compiler10turboshaft12FrameStateOp12PrintOptionsERSo
chromium-efl-1.1.144-1.armv7l/usr/share/chromium-efl/lib/libv8.so	_ZNK2v88internal8compiler10turboshaft4Type7PrintToERSo
chromium-efl-1.1.144-1.armv7l/usr/share/chromium-efl/lib/libv8.so	_ZNK2v88internal8compiler10turboshaft8WordTypeILj32EE7PrintToERSo
chromium-efl-1.1.144-1.armv7l/usr/share/chromium-efl/lib/libv8.so	_ZNK2v88internal8compiler10turboshaft8WordTypeILj64EE7PrintToERSo
chromium-efl-1.1.144-1.armv7l/usr/share/chromium-efl/lib/libv8.so	_ZNK2v88internal8compiler10turboshaft9FloatTypeILj32EE7PrintToERSo
chromium-efl-1.1.144-1.armv7l/usr/share/chromium-efl/lib/libv8.so	_ZNK2v88internal8compiler10turboshaft9FloatTypeILj64EE7PrintToERSo
chromium-efl-1.1.144-1.armv7l/usr/share/chromium-efl/lib/libv8.so	_ZNK2v88internal8compiler12JSHeapBroker5TraceB5cxx11Ev
chromium-efl-1.1.144-1.armv7l/usr/share/chromium-efl/lib/libv8.so	_ZNK2v88internal8compiler15LoadElimination13AbstractState12FieldsEqualsERKSt5arrayIPKNS2_13AbstractFieldELj32EESA_
chromium-efl-1.1.144-1.armv7l/usr/share/chromium-efl/lib/libv8.so	_ZNK2v88internal8compiler15NodeOriginTable9PrintJsonERSo
chromium-efl-1.1.144-1.armv7l/usr/share/chromium-efl/lib/libv8.so	_ZNK2v88internal8compiler16BytecodeAnalysis20BytecodeAnalysisImpl15PrintLivenessToERSo
chromium-efl-1.1.144-1.armv7l/usr/share/chromium-efl/lib/libv8.so	_ZNK2v88internal8compiler19SourcePositionTable9PrintJsonERSo
chromium-efl-1.1.144-1.armv7l/usr/share/chromium-efl/lib/libv8.so	_ZNK2v88internal8compiler24WasmAddressReassociation17ShouldTryOptimizeERKSt5tupleIJjjjEE
chromium-efl-1.1.144-1.armv7l/usr/share/chromium-efl/lib/libv8.so	_ZNK2v88internal8compiler24WasmAddressReassociation20HasCandidateBaseAddrERKSt5tupleIJjjjEE
chromium-efl-1.1.144-1.armv7l/usr/share/chromium-efl/lib/libv8.so	_ZNK2v88internal8compiler4Node5PrintERSoi
chromium-efl-1.1.144-1.armv7l/usr/share/chromium-efl/lib/libv8.so	_ZNK2v88internal8compiler4Type7PrintToERSo
chromium-efl-1.1.144-1.armv7l/usr/share/chromium-efl/lib/libv8.so	_ZNK2v88internal8compiler8Operator11PrintToImplERSoNS2_14PrintVerbosityE
chromium-efl-1.1.144-1.armv7l/usr/share/chromium-efl/lib/libv8.so	_ZNK2v88internal8compiler8Operator12PrintPropsToERSo
chromium-efl-1.1.144-1.armv7l/usr/share/chromium-efl/lib/libv8.so	_ZNK5cppgc8internal23FatalOutOfMemoryHandlerclERKNSt7__cxx1112basic_stringIcSt11char_traitsIcESaIcEEEN2v814SourceLocationE
chromium-efl-1.1.144-1.armv7l/usr/share/chromium-efl/lib/libv8.so	_ZNSt6ranges11lower_boundE
chromium-efl-1.1.144-1.armv7l/usr/share/chromium-efl/lib/libv8.so	_ZNSt6ranges4sortE
chromium-efl-1.1.144-1.armv7l/usr/share/chromium-efl/lib/libv8.so	_ZNSt8_Rb_treeINSt7__cxx1112basic_stringIcSt11char_traitsIcESaIcEEES5_St9_IdentityIS5_ESt4lessIS5_ESaIS5_EE24_M_get_insert_unique_posERKS5_
chromium-efl-1.1.144-1.armv7l/usr/share/chromium-efl/lib/libv8.so	_ZNSt8_Rb_treeINSt7__cxx1112basic_stringIcSt11char_traitsIcESaIcEEES5_St9_IdentityIS5_ESt4lessIS5_ESaIS5_EE29_M_get_insert_hint_unique_posESt23_Rb_tree_const_iteratorIS5_ERKS5_
chromium-efl-1.1.144-1.armv7l/usr/share/chromium-efl/lib/libv8.so	_ZNSt8_Rb_treeINSt7__cxx1112basic_stringIcSt11char_traitsIcESaIcEEES5_St9_IdentityIS5_ESt4lessIS5_ESaIS5_EE8_M_eraseEPSt13_Rb_tree_nodeIS5_E
chromium-efl-1.1.144-1.armv7l/usr/share/chromium-efl/lib/libv8.so	_ZNSt8__detail8_ScannerIcE18_M_eat_escape_ecmaEv
chromium-efl-1.1.144-1.armv7l/usr/share/chromium-efl/lib/libv8.so	_ZNSt8__detail8_ScannerIcE19_M_eat_escape_posixEv
chromium-efl-1.1.144-1.armv7l/usr/share/chromium-efl/lib/libv8.so	_ZSt19piecewise_construct
chromium-efl-1.1.144-1.armv7l/usr/share/chromium-efl/lib/libv8.so	_ZSt7nullopt
chromium-efl-1.1.144-1.armv7l/usr/share/chromium-efl/lib/libv8.so	_ZStplIcSt11char_traitsIcESaIcEENSt7__cxx1112basic_stringIT_T0_T1_EEPKS5_RKS8_
chromium-efl-1.1.144-1.armv7l/usr/share/chromium-efl/lib/libv8.so	_ZStplIcSt11char_traitsIcESaIcEENSt7__cxx1112basic_stringIT_T0_T1_EERKS8_SA_
chromium-efl-1.1.144-1.armv7l/usr/share/chromium-efl/lib/libv8.so	_ZStplIcSt11char_traitsIcESaIcEENSt7__cxx1112basic_stringIT_T0_T1_EES5_RKS8_
chromium-efl-1.1.144-1.armv7l/usr/share/chromium-efl/lib/libv8.so	_ZTCN2v88internal8OFStreamE0_So
chromium-efl-1.1.144-1.armv7l/usr/share/chromium-efl/lib/libv8.so	_ZTCN2v88internal8compiler13TurboJsonFileE0_So
chromium-efl-1.1.144-1.armv7l/usr/share/chromium-efl/lib/libv8.so	_ZTCN2v88internal8compiler13TurboJsonFileE0_St14basic_ofstreamIcSt11char_traitsIcEE
chromium-efl-1.1.144-1.armv7l/usr/share/chromium-efl/lib/libv8.so	_ZTVSt15_Sp_counted_ptrIPN2v88internal4wasm12NativeModuleELN9__gnu_cxx12_Lock_policyE2EE
chromium-efl-1.1.144-1.armv7l/usr/share/chromium-efl/lib/libv8.so	_ZTVSt15_Sp_counted_ptrIPN2v88internal8compiler12JSHeapBrokerELN9__gnu_cxx12_Lock_policyE2EE
chromium-efl-1.1.144-1.armv7l/usr/share/chromium-efl/lib/libv8.so	_ZTVSt15_Sp_counted_ptrIPN3icu13BreakIteratorELN9__gnu_cxx12_Lock_policyE2EE
chromium-efl-1.1.144-1.armv7l/usr/share/chromium-efl/lib/libv8.so	_ZTVSt15_Sp_counted_ptrIPN3icu13ListFormatterELN9__gnu_cxx12_Lock_policyE2EE
chromium-efl-1.1.144-1.armv7l/usr/share/chromium-efl/lib/libv8.so	_ZTVSt15_Sp_counted_ptrIPN3icu13UnicodeStringELN9__gnu_cxx12_Lock_policyE2EE
chromium-efl-1.1.144-1.armv7l/usr/share/chromium-efl/lib/libv8.so	_ZTVSt15_Sp_counted_ptrIPN3icu6LocaleELN9__gnu_cxx12_Lock_policyE2EE
chromium-efl-1.1.144-1.armv7l/usr/share/chromium-efl/lib/libv8.so	_ZTVSt15_Sp_counted_ptrIPSt6vectorIhSaIhEELN9__gnu_cxx12_Lock_policyE2EE
chromium-efl-1.1.144-1.armv7l/usr/share/chromium-efl/lib/libv8.so	_ZTVSt19_Sp_counted_deleterIPN2v88internal12BackingStoreESt14default_deleteIS2_ESaIvELN9__gnu_cxx12_Lock_policyE2EE
chromium-efl-1.1.144-1.armv7l/usr/share/chromium-efl/lib/libv8.so	_ZTVSt19_Sp_counted_deleterIPN2v88internal4wasm16StreamingDecoderESt14default_deleteIS3_ESaIvELN9__gnu_cxx12_Lock_policyE2EE
chromium-efl-1.1.144-1.armv7l/usr/share/chromium-efl/lib/libv8.so	_ZTVSt19_Sp_counted_deleterIPN3icu11PluralRulesESt14default_deleteIS1_ESaIvELN9__gnu_cxx12_Lock_policyE2EE
chromium-efl-1.1.144-1.armv7l/usr/share/chromium-efl/lib/libv8.so	_ZTVSt19_Sp_counted_deleterIPN3icu13BreakIteratorESt14default_deleteIS1_ESaIvELN9__gnu_cxx12_Lock_policyE2EE
chromium-efl-1.1.144-1.armv7l/usr/share/chromium-efl/lib/libv8.so	_ZTVSt19_Sp_counted_deleterIPN3icu16SimpleDateFormatESt14default_deleteIS1_ESaIvELN9__gnu_cxx12_Lock_policyE2EE
chromium-efl-1.1.144-1.armv7l/usr/share/chromium-efl/lib/libv8.so	_ZTVSt19_Sp_counted_deleterIPN3icu18DateIntervalFormatESt14default_deleteIS1_ESaIvELN9__gnu_cxx12_Lock_policyE2EE
chromium-efl-1.1.144-1.armv7l/usr/share/chromium-efl/lib/libv8.so	_ZTVSt19_Sp_counted_deleterIPN3icu8CollatorESt14default_deleteIS1_ESaIvELN9__gnu_cxx12_Lock_policyE2EE
chromium-efl-1.1.144-1.armv7l/usr/share/chromium-efl/lib/libv8.so	_ZTVSt19_Sp_counted_deleterIPN4heap4base26IncrementalMarkingScheduleESt14default_deleteIS2_ESaIvELN9__gnu_cxx12_Lock_policyE2EE
chromium-efl-1.1.144-1.armv7l/usr/share/chromium-efl/lib/libv8.so	_ZTVSt19_Sp_counted_deleterIPcSt14default_deleteIA_cESaIvELN9__gnu_cxx12_Lock_policyE2EE
chromium-efl-1.1.144-1.armv7l/usr/share/chromium-efl/lib/libv8.so	_ZTVSt23_Sp_counted_ptr_inplaceIN2v813WasmStreamingESaIvELN9__gnu_cxx12_Lock_policyE2EE
chromium-efl-1.1.144-1.armv7l/usr/share/chromium-efl/lib/libv8.so	_ZTVSt23_Sp_counted_ptr_inplaceIN2v821WasmModuleCompilation4Impl8ResolverESaIvELN9__gnu_cxx12_Lock_policyE2EE
chromium-efl-1.1.144-1.armv7l/usr/share/chromium-efl/lib/libv8.so	_ZTVSt23_Sp_counted_ptr_inplaceIN2v88internal17OperationsBarrierESaIvELN9__gnu_cxx12_Lock_policyE2EE
chromium-efl-1.1.144-1.armv7l/usr/share/chromium-efl/lib/libv8.so	_ZTVSt23_Sp_counted_ptr_inplaceIN2v88internal4wasm10WasmModuleESaIvELN9__gnu_cxx12_Lock_policyE2EE
chromium-efl-1.1.144-1.armv7l/usr/share/chromium-efl/lib/libv8.so	_ZTVSt23_Sp_counted_ptr_inplaceIN2v88internal4wasm21AsyncStreamingDecoder13SectionBufferESaIvELN9__gnu_cxx12_Lock_policyE2EE
chromium-efl-1.1.144-1.armv7l/usr/share/chromium-efl/lib/libv8.so	_ZTVSt23_Sp_counted_ptr_inplaceIN3icu25RelativeDateTimeFormatterESaIvELN9__gnu_cxx12_Lock_policyE2EE
chromium-efl-1.1.144-1.armv7l/usr/share/chromium-efl/lib/libv8.so	_ZTVSt23_Sp_counted_ptr_inplaceIN3icu6number24LocalizedNumberFormatterESaIvELN9__gnu_cxx12_Lock_policyE2EE
chromium-efl-1.1.144-1.armv7l/usr/share/chromium-efl/lib/libv8.so	_ZTVSt23_Sp_counted_ptr_inplaceINSt7__cxx1112basic_stringIcSt11char_traitsIcESaIcEEESaIvELN9__gnu_cxx12_Lock_policyE2EE
chromium-efl-1.1.144-1.armv7l/usr/share/chromium-efl/lib/libv8.so	_ZTVSt23_Sp_counted_ptr_inplaceINSt8__detail4_NFAINSt7__cxx1112regex_traitsIcEEEESaIvELN9__gnu_cxx12_Lock_policyE2EE
chromium-efl-1.1.144-1.armv7l/usr/share/chromium-efl/lib/libv8.so	_ZTVSt23_Sp_counted_ptr_inplaceISt6vectorIhSaIhEESaIvELN9__gnu_cxx12_Lock_policyE2EE
chromium-efl-1.1.144-1.armv7l/usr/share/chromium-efl/lib/libv8.so	_ZTVSt23_Sp_counted_ptr_inplaceIbSaIvELN9__gnu_cxx12_Lock_policyE2EE
chromium-efl-1.1.144-1.armv7l/usr/share/chromium-efl/lib/libv8.so	_ZZNKSt7__cxx1112regex_traitsIcE16lookup_classnameIPKcEENS1_10_RegexMaskET_S6_bE12__classnamesB5cxx11
chromium-efl-1.1.144-1.armv7l/usr/share/chromium-efl/lib/libv8.so	_ZZNKSt7__cxx1112regex_traitsIcE18lookup_collatenameIPKcEENS_12basic_stringIcSt11char_traitsIcESaIcEEET_SA_E14__collatenames
chromium-efl-1.1.144-1.armv7l/usr/share/chromium-efl/lib/libv8.so	_ZZNKSt8__detail11_AnyMatcherINSt7__cxx1112regex_traitsIcEELb0ELb0ELb0EEclEcE5__nul
chromium-efl-1.1.144-1.armv7l/usr/share/chromium-efl/lib/libv8.so	_ZZNKSt8__detail11_AnyMatcherINSt7__cxx1112regex_traitsIcEELb0ELb0ELb1EEclEcE5__nul
chromium-efl-1.1.144-1.armv7l/usr/share/chromium-efl/lib/libv8.so	_ZZNKSt8__detail11_AnyMatcherINSt7__cxx1112regex_traitsIcEELb0ELb1ELb0EEclEcE5__nul
chromium-efl-1.1.144-1.armv7l/usr/share/chromium-efl/lib/libv8.so	_ZZNKSt8__detail11_AnyMatcherINSt7__cxx1112regex_traitsIcEELb0ELb1ELb1EEclEcE5__nul
chromium-efl-1.1.144-1.armv7l/usr/share/chromium-efl/lib/libv8.so	_ZZNKSt8__detail9_ExecutorIN9__gnu_cxx17__normal_iteratorIPKcNSt7__cxx1112basic_stringIcSt11char_traitsIcESaIcEEEEESaINS5_9sub_matchISB_EEENS5_12regex_traitsIcEELb0EE10_M_is_wordEcE3__s
chromium-efl-1.1.144-1.armv7l/usr/share/chromium-efl/lib/libv8.so	_ZZNKSt8__detail9_ExecutorIN9__gnu_cxx17__normal_iteratorIPKcNSt7__cxx1112basic_stringIcSt11char_traitsIcESaIcEEEEESaINS5_9sub_matchISB_EEENS5_12regex_traitsIcEELb1EE10_M_is_wordEcE3__s
chromium-efl-1.1.144-1.armv7l/usr/share/chromium-efl/lib/libv8.so	_ZZNKSt8__detail9_ExecutorIPcSaINSt7__cxx119sub_matchIS1_EEENS2_12regex_traitsIcEELb0EE10_M_is_wordEcE3__s
chromium-efl-1.1.144-1.armv7l/usr/share/chromium-efl/lib/libv8.so	_ZZNKSt8__detail9_ExecutorIPcSaINSt7__cxx119sub_matchIS1_EEENS2_12regex_traitsIcEELb1EE10_M_is_wordEcE3__s
chromium-efl-1.1.144-1.armv7l/usr/share/chromium-efl/lib/libv8.so	_ZZNSt19_Sp_make_shared_tag5_S_tiEvE5__tag
