payload_path	dynsym_raw	dynamic_raw
chromium-efl-1.1.144-1.armv7l/usr/lib/libchromium-ewk.so	attempt12_elf_raw/chromium-efl-1.1.144-1.armv7l__usr__lib__libchromium-ewk.so.dynsym.txt	attempt12_elf_raw/chromium-efl-1.1.144-1.armv7l__usr__lib__libchromium-ewk.so.dynamic.txt
chromium-efl-1.1.144-1.armv7l/usr/lib/tizen-extensions-crosswalk/libnode-runtime.so	attempt12_elf_raw/chromium-efl-1.1.144-1.armv7l__usr__lib__tizen-extensions-crosswalk__libnode-runtime.so.dynsym.txt	attempt12_elf_raw/chromium-efl-1.1.144-1.armv7l__usr__lib__tizen-extensions-crosswalk__libnode-runtime.so.dynamic.txt
chromium-efl-1.1.144-1.armv7l/usr/lib/tizen-extensions-crosswalk/libsplash_screen_plugin.so	attempt12_elf_raw/chromium-efl-1.1.144-1.armv7l__usr__lib__tizen-extensions-crosswalk__libsplash_screen_plugin.so.dynsym.txt	attempt12_elf_raw/chromium-efl-1.1.144-1.armv7l__usr__lib__tizen-extensions-crosswalk__libsplash_screen_plugin.so.dynamic.txt
chromium-efl-1.1.144-1.armv7l/usr/lib/tizen-extensions-crosswalk/libwidget_plugin.so	attempt12_elf_raw/chromium-efl-1.1.144-1.armv7l__usr__lib__tizen-extensions-crosswalk__libwidget_plugin.so.dynsym.txt	attempt12_elf_raw/chromium-efl-1.1.144-1.armv7l__usr__lib__tizen-extensions-crosswalk__libwidget_plugin.so.dynamic.txt
chromium-efl-1.1.144-1.armv7l/usr/lib/tizen-extensions-crosswalk/libwrt-service-override.so	attempt12_elf_raw/chromium-efl-1.1.144-1.armv7l__usr__lib__tizen-extensions-crosswalk__libwrt-service-override.so.dynsym.txt	attempt12_elf_raw/chromium-efl-1.1.144-1.armv7l__usr__lib__tizen-extensions-crosswalk__libwrt-service-override.so.dynamic.txt
chromium-efl-1.1.144-1.armv7l/usr/share/chromium-efl/lib/libchromium-impl.so	attempt12_elf_raw/chromium-efl-1.1.144-1.armv7l__usr__share__chromium-efl__lib__libchromium-impl.so.dynsym.txt	attempt12_elf_raw/chromium-efl-1.1.144-1.armv7l__usr__share__chromium-efl__lib__libchromium-impl.so.dynamic.txt
chromium-efl-1.1.144-1.armv7l/usr/share/chromium-efl/lib/libnode.so	attempt12_elf_raw/chromium-efl-1.1.144-1.armv7l__usr__share__chromium-efl__lib__libnode.so.dynsym.txt	attempt12_elf_raw/chromium-efl-1.1.144-1.armv7l__usr__share__chromium-efl__lib__libnode.so.dynamic.txt
chromium-efl-1.1.144-1.armv7l/usr/share/chromium-efl/lib/libv8.so	attempt12_elf_raw/chromium-efl-1.1.144-1.armv7l__usr__share__chromium-efl__lib__libv8.so.dynsym.txt	attempt12_elf_raw/chromium-efl-1.1.144-1.armv7l__usr__share__chromium-efl__lib__libv8.so.dynamic.txt
chromium-efl-1.1.144-1.armv7l/usr/share/chromium-efl/lib/libwrt-c++wrapper.so	attempt12_elf_raw/chromium-efl-1.1.144-1.armv7l__usr__share__chromium-efl__lib__libwrt-c++wrapper.so.dynsym.txt	attempt12_elf_raw/chromium-efl-1.1.144-1.armv7l__usr__share__chromium-efl__lib__libwrt-c++wrapper.so.dynamic.txt
chromium-efl-debuginfo-1.1.144-1.armv7l/usr/lib/debug/usr/lib/libchromium-ewk.so.debug	attempt12_elf_raw/chromium-efl-debuginfo-1.1.144-1.armv7l__usr__lib__debug__usr__lib__libchromium-ewk.so.debug.dynsym.txt	attempt12_elf_raw/chromium-efl-debuginfo-1.1.144-1.armv7l__usr__lib__debug__usr__lib__libchromium-ewk.so.debug.dynamic.txt
chromium-efl-debuginfo-1.1.144-1.armv7l/usr/lib/debug/usr/lib/tizen-extensions-crosswalk/libnode-runtime.so.debug	attempt12_elf_raw/chromium-efl-debuginfo-1.1.144-1.armv7l__usr__lib__debug__usr__lib__tizen-extensions-crosswalk__libnode-runtime.so.debug.dynsym.txt	attempt12_elf_raw/chromium-efl-debuginfo-1.1.144-1.armv7l__usr__lib__debug__usr__lib__tizen-extensions-crosswalk__libnode-runtime.so.debug.dynamic.txt
chromium-efl-debuginfo-1.1.144-1.armv7l/usr/lib/debug/usr/lib/tizen-extensions-crosswalk/libsplash_screen_plugin.so.debug	attempt12_elf_raw/chromium-efl-debuginfo-1.1.144-1.armv7l__usr__lib__debug__usr__lib__tizen-extensions-crosswalk__libsplash_screen_plugin.so.debug.dynsym.txt	attempt12_elf_raw/chromium-efl-debuginfo-1.1.144-1.armv7l__usr__lib__debug__usr__lib__tizen-extensions-crosswalk__libsplash_screen_plugin.so.debug.dynamic.txt
chromium-efl-debuginfo-1.1.144-1.armv7l/usr/lib/debug/usr/lib/tizen-extensions-crosswalk/libwidget_plugin.so.debug	attempt12_elf_raw/chromium-efl-debuginfo-1.1.144-1.armv7l__usr__lib__debug__usr__lib__tizen-extensions-crosswalk__libwidget_plugin.so.debug.dynsym.txt	attempt12_elf_raw/chromium-efl-debuginfo-1.1.144-1.armv7l__usr__lib__debug__usr__lib__tizen-extensions-crosswalk__libwidget_plugin.so.debug.dynamic.txt
chromium-efl-debuginfo-1.1.144-1.armv7l/usr/lib/debug/usr/lib/tizen-extensions-crosswalk/libwrt-service-override.so.debug	attempt12_elf_raw/chromium-efl-debuginfo-1.1.144-1.armv7l__usr__lib__debug__usr__lib__tizen-extensions-crosswalk__libwrt-service-override.so.debug.dynsym.txt	attempt12_elf_raw/chromium-efl-debuginfo-1.1.144-1.armv7l__usr__lib__debug__usr__lib__tizen-extensions-crosswalk__libwrt-service-override.so.debug.dynamic.txt
chromium-efl-debuginfo-1.1.144-1.armv7l/usr/lib/debug/usr/share/chromium-efl/lib/libchromium-impl.so.debug	attempt12_elf_raw/chromium-efl-debuginfo-1.1.144-1.armv7l__usr__lib__debug__usr__share__chromium-efl__lib__libchromium-impl.so.debug.dynsym.txt	attempt12_elf_raw/chromium-efl-debuginfo-1.1.144-1.armv7l__usr__lib__debug__usr__share__chromium-efl__lib__libchromium-impl.so.debug.dynamic.txt
chromium-efl-debuginfo-1.1.144-1.armv7l/usr/lib/debug/usr/share/chromium-efl/lib/libnode.so.debug	attempt12_elf_raw/chromium-efl-debuginfo-1.1.144-1.armv7l__usr__lib__debug__usr__share__chromium-efl__lib__libnode.so.debug.dynsym.txt	attempt12_elf_raw/chromium-efl-debuginfo-1.1.144-1.armv7l__usr__lib__debug__usr__share__chromium-efl__lib__libnode.so.debug.dynamic.txt
chromium-efl-debuginfo-1.1.144-1.armv7l/usr/lib/debug/usr/share/chromium-efl/lib/libv8.so.debug	attempt12_elf_raw/chromium-efl-debuginfo-1.1.144-1.armv7l__usr__lib__debug__usr__share__chromium-efl__lib__libv8.so.debug.dynsym.txt	attempt12_elf_raw/chromium-efl-debuginfo-1.1.144-1.armv7l__usr__lib__debug__usr__share__chromium-efl__lib__libv8.so.debug.dynamic.txt
chromium-efl-debuginfo-1.1.144-1.armv7l/usr/lib/debug/usr/share/chromium-efl/lib/libwrt-c++wrapper.so.debug	attempt12_elf_raw/chromium-efl-debuginfo-1.1.144-1.armv7l__usr__lib__debug__usr__share__chromium-efl__lib__libwrt-c++wrapper.so.debug.dynsym.txt	attempt12_elf_raw/chromium-efl-debuginfo-1.1.144-1.armv7l__usr__lib__debug__usr__share__chromium-efl__lib__libwrt-c++wrapper.so.debug.dynamic.txt
