payload_path	file_type	symlink_target
chromium-efl-1.1.144-1.armv7l/usr/lib/libchromium-ewk.so	ELF 32-bit LSB shared object, ARM, EABI5 version 1 (SYSV), dynamically linked, BuildID[sha1]=c6f3b6b97ebb168ccc44901b746fff5df6a7a031, stripped	-
chromium-efl-1.1.144-1.armv7l/usr/lib/libewebkit2.so	broken symbolic link to /usr/lib/libewebkit2.so.0	/usr/lib/libewebkit2.so.0
chromium-efl-1.1.144-1.armv7l/usr/lib/libewebkit2.so.0	broken symbolic link to /usr/lib/libchromium-ewk.so	/usr/lib/libchromium-ewk.so
chromium-efl-1.1.144-1.armv7l/usr/lib/tizen-extensions-crosswalk/libnode-runtime.so	ELF 32-bit LSB shared object, ARM, EABI5 version 1 (SYSV), dynamically linked, BuildID[sha1]=c6edbcdef48f077f86688fe80413388e94d48e9e, stripped	-
chromium-efl-1.1.144-1.armv7l/usr/lib/tizen-extensions-crosswalk/libsplash_screen_plugin.so	ELF 32-bit LSB shared object, ARM, EABI5 version 1 (SYSV), dynamically linked, BuildID[sha1]=a8e8d0ff07a4d2db806226f0aac7fe989d9f3ce8, stripped	-
chromium-efl-1.1.144-1.armv7l/usr/lib/tizen-extensions-crosswalk/libwidget_plugin.so	ELF 32-bit LSB shared object, ARM, EABI5 version 1 (SYSV), dynamically linked, BuildID[sha1]=8ebf320ddcb97f2147f37f07b73566fd0c659756, stripped	-
chromium-efl-1.1.144-1.armv7l/usr/lib/tizen-extensions-crosswalk/libwrt-service-override.so	ELF 32-bit LSB shared object, ARM, EABI5 version 1 (SYSV), dynamically linked, BuildID[sha1]=27eec83cf935cd3a04997a2f898a1e0d973294d7, stripped	-
chromium-efl-1.1.144-1.armv7l/usr/share/chromium-efl/lib/libchromium-impl.so	ELF 32-bit LSB shared object, ARM, EABI5 version 1 (SYSV), dynamically linked, BuildID[sha1]=df84427971177374f0c49a3c1818db0e31c2457f, stripped	-
chromium-efl-1.1.144-1.armv7l/usr/share/chromium-efl/lib/libnode.so	ELF 32-bit LSB shared object, ARM, EABI5 version 1 (SYSV), dynamically linked, BuildID[sha1]=3c94a5179bf9f503b0d2b82997045b79ef365630, stripped	-
chromium-efl-1.1.144-1.armv7l/usr/share/chromium-efl/lib/libv8.so	ELF 32-bit LSB shared object, ARM, EABI5 version 1 (SYSV), dynamically linked, BuildID[sha1]=eb25869182de51cf27b50347b95201727bdb788b, stripped	-
chromium-efl-1.1.144-1.armv7l/usr/share/chromium-efl/lib/libwrt-c++wrapper.so	ELF 32-bit LSB shared object, ARM, EABI5 version 1 (SYSV), dynamically linked, BuildID[sha1]=893e6d27c6d2b7339a8e0a724d0e2aae9e53eaa6, stripped	-
chromium-efl-debuginfo-1.1.144-1.armv7l/usr/lib/debug/usr/lib/libchromium-ewk.so.debug	ELF 32-bit LSB shared object, ARM, EABI5 version 1 (SYSV), dynamically linked, BuildID[sha1]=c6f3b6b97ebb168ccc44901b746fff5df6a7a031, with debug_info, not stripped	-
chromium-efl-debuginfo-1.1.144-1.armv7l/usr/lib/debug/usr/lib/tizen-extensions-crosswalk/libnode-runtime.so.debug	ELF 32-bit LSB shared object, ARM, EABI5 version 1 (SYSV), dynamically linked, BuildID[sha1]=c6edbcdef48f077f86688fe80413388e94d48e9e, with debug_info, not stripped	-
chromium-efl-debuginfo-1.1.144-1.armv7l/usr/lib/debug/usr/lib/tizen-extensions-crosswalk/libsplash_screen_plugin.so.debug	ELF 32-bit LSB shared object, ARM, EABI5 version 1 (SYSV), dynamically linked, BuildID[sha1]=a8e8d0ff07a4d2db806226f0aac7fe989d9f3ce8, with debug_info, not stripped	-
chromium-efl-debuginfo-1.1.144-1.armv7l/usr/lib/debug/usr/lib/tizen-extensions-crosswalk/libwidget_plugin.so.debug	ELF 32-bit LSB shared object, ARM, EABI5 version 1 (SYSV), dynamically linked, BuildID[sha1]=8ebf320ddcb97f2147f37f07b73566fd0c659756, with debug_info, not stripped	-
chromium-efl-debuginfo-1.1.144-1.armv7l/usr/lib/debug/usr/lib/tizen-extensions-crosswalk/libwrt-service-override.so.debug	ELF 32-bit LSB shared object, ARM, EABI5 version 1 (SYSV), dynamically linked, BuildID[sha1]=27eec83cf935cd3a04997a2f898a1e0d973294d7, with debug_info, not stripped	-
chromium-efl-debuginfo-1.1.144-1.armv7l/usr/lib/debug/usr/share/chromium-efl/lib/libchromium-impl.so.debug	ELF 32-bit LSB shared object, ARM, EABI5 version 1 (SYSV), dynamically linked, BuildID[sha1]=df84427971177374f0c49a3c1818db0e31c2457f, with debug_info, not stripped	-
chromium-efl-debuginfo-1.1.144-1.armv7l/usr/lib/debug/usr/share/chromium-efl/lib/libnode.so.debug	ELF 32-bit LSB shared object, ARM, EABI5 version 1 (SYSV), dynamically linked, BuildID[sha1]=3c94a5179bf9f503b0d2b82997045b79ef365630, with debug_info, not stripped	-
chromium-efl-debuginfo-1.1.144-1.armv7l/usr/lib/debug/usr/share/chromium-efl/lib/libv8.so.debug	ELF 32-bit LSB shared object, ARM, EABI5 version 1 (SYSV), dynamically linked, BuildID[sha1]=eb25869182de51cf27b50347b95201727bdb788b, with debug_info, not stripped	-
chromium-efl-debuginfo-1.1.144-1.armv7l/usr/lib/debug/usr/share/chromium-efl/lib/libwrt-c++wrapper.so.debug	ELF 32-bit LSB shared object, ARM, EABI5 version 1 (SYSV), dynamically linked, BuildID[sha1]=893e6d27c6d2b7339a8e0a724d0e2aae9e53eaa6, with debug_info, not stripped	-
