libnode.so	_ZN4node12wasm_web_api19WasmStreamingObject6CreateEPNS_11EnvironmentENSt4__Cr10shared_ptrIN2v813WasmStreamingEEE
libnode.so	_ZN4node13GetNodeReportEPNS_11EnvironmentEPKcS3_N2v85LocalINS4_5ValueEEERNSt4__Cr13basic_ostreamIcNS8_11char_traitsIcEEEE
libnode.so	_ZN4node15LoadEnvironmentEPNS_11EnvironmentENSt4__Cr17basic_string_viewIcNS2_11char_traitsIcEEEENS2_8functionIFvS1_N2v85LocalINS8_5ValueEEESB_EEE
libnode.so	_ZN4node17CreateEnvironmentEPNS_11IsolateDataEN2v85LocalINS2_7ContextEEERKNSt4__Cr6vectorINS6_12basic_stringIcNS6_11char_traitsIcEENS6_9allocatorIcEEEENSB_ISD_EEEESH_NS_16EnvironmentFlags5FlagsENS_8ThreadIdENS6_10unique_ptrINS_21InspectorParentHandleENS6_14default_deleteISM_EEEENS6_17basic_string_viewIcSA_EE
libnode.so	_ZN4node20SnapshotDeserializer4ReadINS_10AsyncHooks13SerializeInfoETnPNSt4__Cr9enable_ifIXntsr3std7is_sameIT_NS4_12basic_stringIcNS4_11char_traitsIcEENS4_9allocatorIcEEEEEE5valueEvE4typeELPv0ETnPNS5_IXntsr3std13is_arithmeticIS6_EE5valueEvE4typeELSG_0EEES6_v
libnode.so	_ZN4node20SnapshotDeserializer4ReadINS_8builtins13CodeCacheInfoETnPNSt4__Cr9enable_ifIXntsr3std7is_sameIT_NS4_12basic_stringIcNS4_11char_traitsIcEENS4_9allocatorIcEEEEEE5valueEvE4typeELPv0ETnPNS5_IXntsr3std13is_arithmeticIS6_EE5valueEvE4typeELSG_0EEES6_v
libnode.so	_ZN4node21SetProcessExitHandlerEPNS_11EnvironmentEONSt4__Cr8functionIFvS1_NS_8ExitCodeEEEE
libnode.so	_ZN4node7tracing15NodeTraceWriter11WriteToFileEONSt4__Cr12basic_stringIcNS2_11char_traitsIcEENS2_9allocatorIcEEEEi
libnode.so	_ZN4node7tracing15NodeTraceWriterC1ERKNSt4__Cr12basic_stringIcNS2_11char_traitsIcEENS2_9allocatorIcEEEE
libnode.so	_ZN4node7tracing15NodeTraceWriterC2ERKNSt4__Cr12basic_stringIcNS2_11char_traitsIcEENS2_9allocatorIcEEEE
libnode.so	_ZN4node7tracing17replace_substringEPNSt4__Cr12basic_stringIcNS1_11char_traitsIcEENS1_9allocatorIcEEEERKS7_SA_
libnode.so	_ZN4node7tracing5Agent6EnableEiRKNSt4__Cr3setINS2_12basic_stringIcNS2_11char_traitsIcEENS2_9allocatorIcEEEENS2_4lessIS9_EENS7_IS9_EEEE
libnode.so	_ZN4node7tracing5Agent7DisableEiRKNSt4__Cr3setINS2_12basic_stringIcNS2_11char_traitsIcEENS2_9allocatorIcEEEENS2_4lessIS9_EENS7_IS9_EEEE
libnode.so	_ZN4node7tracing5Agent9AddClientERKNSt4__Cr3setINS2_12basic_stringIcNS2_11char_traitsIcEENS2_9allocatorIcEEEENS2_4lessIS9_EENS7_IS9_EEEENS2_10unique_ptrINS0_16AsyncTraceWriterENS2_14default_deleteISH_EEEENS1_22UseDefaultCategoryModeE
libnode.so	_ZN4node8builtins13BuiltinLoader16RefreshCodeCacheERKNSt4__Cr6vectorINS0_13CodeCacheInfoENS2_9allocatorIS4_EEEE
libnode.so	_ZN4node8builtins13BuiltinLoader34CompileAllBuiltinsAndCopyCodeCacheEN2v85LocalINS2_7ContextEEERKNSt4__Cr6vectorINS6_12basic_stringIcNS6_11char_traitsIcEENS6_9allocatorIcEEEENSB_ISD_EEEEPNS7_INS0_13CodeCacheInfoENSB_ISI_EEEE
libnode.so	_ZNK4node7tracing11TracedValue19AppendAsTraceFormatEPNSt4__Cr12basic_stringIcNS2_11char_traitsIcEENS2_9allocatorIcEEEE
libv8.so	_ZN12v8_inspector12V8DebuggerIdC1ENSt4__Cr4pairIxxEE
libv8.so	_ZN12v8_inspector12V8DebuggerIdC2ENSt4__Cr4pairIxxEE
libv8.so	_ZN12v8_inspector14V8StackTraceIdC1EjNSt4__Cr4pairIxxEE
libv8.so	_ZN12v8_inspector14V8StackTraceIdC2EjNSt4__Cr4pairIxxEE
libv8.so	_ZN12v8_inspector14V8StackTraceIdC2EjNSt4__Cr4pairIxxEEb
libv8.so	_ZN2v811CpuProfiler5StartENS_5LocalINS_6StringEEENS_19CpuProfilingOptionsENSt4__Cr10unique_ptrINS_24DiscardedSamplesDelegateENS5_14default_deleteIS7_EEEE
libv8.so	_ZN2v813WasmStreamingC1ENSt4__Cr10unique_ptrINS0_17WasmStreamingImplENS1_14default_deleteIS3_EEEE
libv8.so	_ZN2v813WasmStreamingC2ENSt4__Cr10unique_ptrINS0_17WasmStreamingImplENS1_14default_deleteIS3_EEEE
libv8.so	_ZN2v814ScriptCompiler14StreamedSourceC2ENSt4__Cr10unique_ptrINS0_20ExternalSourceStreamENS2_14default_deleteIS4_EEEENS1_8EncodingE
libv8.so	_ZN2v814ScriptCompiler20ConsumeCodeCacheTaskC1ENSt4__Cr10unique_ptrINS_8internal25BackgroundDeserializeTaskENS2_14default_deleteIS5_EEEE
libv8.so	_ZN2v814ScriptCompiler20ConsumeCodeCacheTaskC2ENSt4__Cr10unique_ptrINS_8internal25BackgroundDeserializeTaskENS2_14default_deleteIS5_EEEE
libv8.so	_ZN2v818CompiledWasmModuleC1ENSt4__Cr10shared_ptrINS_8internal4wasm12NativeModuleEEENS1_12basic_stringIcNS1_11char_traitsIcEENS1_9allocatorIcEEEE
libv8.so	_ZN2v818CompiledWasmModuleC2ENSt4__Cr10shared_ptrINS_8internal4wasm12NativeModuleEEENS1_12basic_stringIcNS1_11char_traitsIcEENS1_9allocatorIcEEEE
libv8.so	_ZN2v821WasmModuleCompilation39SetMoreFunctionsCanBeSerializedCallbackENSt4__Cr8functionIFvNS_18CompiledWasmModuleEEEE
libv8.so	_ZN2v821WasmModuleCompilation6FinishEPNS_7IsolateERKNSt4__Cr8functionIFvRNS_13WasmStreaming22ModuleCachingInterfaceEEEERKNS4_IFvNS3_7variantIJNS_5LocalINS_16WasmModuleObjectEEENSD_INS_5ValueEEEEEEEEE
libv8.so	_ZN2v85debug16GetLoadedScriptsEPNS_7IsolateERNSt4__Cr6vectorINS_6GlobalINS0_6ScriptEEENS3_9allocatorIS7_EEEE
libv8.so	_ZN2v85debug8Coverage10ScriptDataC1EjNSt4__Cr10shared_ptrINS_8internal8CoverageEEE
libv8.so	_ZN2v85debug8Coverage10ScriptDataC2EjNSt4__Cr10shared_ptrINS_8internal8CoverageEEE
libv8.so	_ZN2v87Isolate35SetReleaseCppHeapCallbackForTestingEPFvNSt4__Cr10unique_ptrINS_7CppHeapENS1_14default_deleteIS3_EEEEE
libv8.so	_ZN2v87sampler11AtomicGuardC1EPNSt4__Cr6atomicIbEEb
libv8.so	_ZN2v87sampler11AtomicGuardC2EPNSt4__Cr6atomicIbEEb
libv8.so	_ZN2v88internal10CpuProfileC1EPNS0_11CpuProfilerEjPKcNS_19CpuProfilingOptionsENSt4__Cr10unique_ptrINS_24DiscardedSamplesDelegateENS7_14default_deleteIS9_EEEE
libv8.so	_ZN2v88internal10CpuProfileC2EPNS0_11CpuProfilerEjPKcNS_19CpuProfilingOptionsENSt4__Cr10unique_ptrINS_24DiscardedSamplesDelegateENS7_14default_deleteIS9_EEEE
libv8.so	_ZN2v88internal10HeapNumber20HeapNumberShortPrintERNSt4__Cr13basic_ostreamIcNS2_11char_traitsIcEEEE
libv8.so	_ZN2v88internal10RegExpTree5PrintERNSt4__Cr13basic_ostreamIcNS2_11char_traitsIcEEEEPNS0_4ZoneE
libv8.so	_ZN2v88internal10ShortPrintENS0_6TaggedINS0_6ObjectEEERNSt4__Cr13basic_ostreamIcNS4_11char_traitsIcEEEE
libv8.so	_ZN2v88internal10ShortPrintILNS0_23HeapObjectReferenceTypeE0EjEEvNS0_10TaggedImplIXT_ET0_EERNSt4__Cr13basic_ostreamIcNS6_11char_traitsIcEEEE
libv8.so	_ZN2v88internal10ShortPrintILNS0_23HeapObjectReferenceTypeE1EjEEvNS0_10TaggedImplIXT_ET0_EERNSt4__Cr13basic_ostreamIcNS6_11char_traitsIcEEEE
libv8.so	_ZN2v88internal10TickSample4InitEPNS0_7IsolateERKNS_13RegisterStateENS1_17RecordCEntryFrameEbbNS_4base9TimeDeltaENSt4__Cr8optionalIyEE
libv8.so	_ZN2v88internal10WasmScript22GetPossibleBreakpointsEPNS0_4wasm12NativeModuleERKNS_5debug8LocationES8_PNSt4__Cr6vectorINS5_13BreakLocationENS9_9allocatorISB_EEEE
libv8.so	_ZN2v88internal11CpuProfiler13CollectSampleENSt4__Cr8optionalIyEE
libv8.so	_ZN2v88internal11CpuProfiler13CollectSampleEPNS0_7IsolateENSt4__Cr8optionalIyEE
libv8.so	_ZN2v88internal11CpuProfiler14StartProfilingENS0_6TaggedINS0_6StringEEENS_19CpuProfilingOptionsENSt4__Cr10unique_ptrINS_24DiscardedSamplesDelegateENS6_14default_deleteIS8_EEEE
libv8.so	_ZN2v88internal11CpuProfiler14StartProfilingENS_19CpuProfilingOptionsENSt4__Cr10unique_ptrINS_24DiscardedSamplesDelegateENS3_14default_deleteIS5_EEEE
libv8.so	_ZN2v88internal11CpuProfiler14StartProfilingEPKcNS_19CpuProfilingOptionsENSt4__Cr10unique_ptrINS_24DiscardedSamplesDelegateENS5_14default_deleteIS7_EEEE
libv8.so	_ZN2v88internal11FactoryBaseINS0_12LocalFactoryEE25NewStringFromAsciiCheckedENSt4__Cr17basic_string_viewIcNS4_11char_traitsIcEEEENS0_14AllocationTypeE
libv8.so	_ZN2v88internal11FactoryBaseINS0_7FactoryEE25NewStringFromAsciiCheckedENSt4__Cr17basic_string_viewIcNS4_11char_traitsIcEEEENS0_14AllocationTypeE
libv8.so	_ZN2v88internal11ProfileTree14AddPathFromEndERKNSt4__Cr6vectorINS0_20CodeEntryAndPositionENS2_9allocatorIS4_EEEENS0_13LineAndColumnEbNS_16CpuProfilingModeE
libv8.so	_ZN2v88internal11ProfileTree14AddPathFromEndERKNSt4__Cr6vectorIPNS0_9CodeEntryENS2_9allocatorIS5_EEEENS0_13LineAndColumnEb
libv8.so	_ZN2v88internal11StringTable4Data6ResizeENS0_16PtrComprCageBaseENSt4__Cr10unique_ptrIS2_NS4_14default_deleteIS2_EEEEi
libv8.so	_ZN2v88internal11interpreter13SwitchBuilder21EmitJumpTableIfExistsEiiRNSt4__Cr3mapIiPNS0_10CaseClauseENS3_4lessIiEENS3_9allocatorINS3_4pairIKiS6_EEEEEE
libv8.so	_ZN2v88internal11interpreter15BytecodeDecoder6DecodeERNSt4__Cr13basic_ostreamIcNS3_11char_traitsIcEEEEPKhNS0_6TaggedINS0_17TrustedFixedArrayEEEb
libv8.so	_ZN2v88internal11interpreterlsERNSt4__Cr13basic_ostreamIcNS2_11char_traitsIcEEEERKNS1_11OperandSizeE
libv8.so	_ZN2v88internal11interpreterlsERNSt4__Cr13basic_ostreamIcNS2_11char_traitsIcEEEERKNS1_11OperandTypeE
libv8.so	_ZN2v88internal11interpreterlsERNSt4__Cr13basic_ostreamIcNS2_11char_traitsIcEEEERKNS1_12BytecodeNodeE
libv8.so	_ZN2v88internal11interpreterlsERNSt4__Cr13basic_ostreamIcNS2_11char_traitsIcEEEERKNS1_12OperandScaleE
libv8.so	_ZN2v88internal11interpreterlsERNSt4__Cr13basic_ostreamIcNS2_11char_traitsIcEEEERKNS1_18BytecodeSourceInfoE
libv8.so	_ZN2v88internal11interpreterlsERNSt4__Cr13basic_ostreamIcNS2_11char_traitsIcEEEERKNS1_19ImplicitRegisterUseE
libv8.so	_ZN2v88internal11interpreterlsERNSt4__Cr13basic_ostreamIcNS2_11char_traitsIcEEEERKNS1_20BytecodeArrayBuilder13ToBooleanModeE
libv8.so	_ZN2v88internal11interpreterlsERNSt4__Cr13basic_ostreamIcNS2_11char_traitsIcEEEERKNS1_8BytecodeE
libv8.so	_ZN2v88internal12Disassembler6DecodeEPNS0_7IsolateERNSt4__Cr13basic_ostreamIcNS4_11char_traitsIcEEEEPhSA_NS0_13CodeReferenceEjj
libv8.so	_ZN2v88internal12TypedSlotSet17ClearInvalidSlotsERKNSt4__Cr3mapIjjNS2_4lessIjEENS2_9allocatorINS2_4pairIKjjEEEEEE
libv8.so	_ZN2v88internal12TypedSlotSet20AssertNoInvalidSlotsERKNSt4__Cr3mapIjjNS2_4lessIjEENS2_9allocatorINS2_4pairIKjjEEEEEE
libv8.so	_ZN2v88internal13AssemblerBaseC2ERKNS0_16AssemblerOptionsENSt4__Cr10unique_ptrINS0_15AssemblerBufferENS5_14default_deleteIS7_EEEE
libv8.so	_ZN2v88internal13BytecodeArray11DisassembleENS0_6HandleIS1_EERNSt4__Cr13basic_ostreamIcNS4_11char_traitsIcEEEE
libv8.so	_ZN2v88internal13BytecodeArray11DisassembleERNSt4__Cr13basic_ostreamIcNS2_11char_traitsIcEEEE
libv8.so	_ZN2v88internal13BytecodeArray9PrintJsonERNSt4__Cr13basic_ostreamIcNS2_11char_traitsIcEEEE
libv8.so	_ZN2v88internal13EhFrameWriter17WriteEmptyEhFrameERNSt4__Cr13basic_ostreamIcNS2_11char_traitsIcEEEE
libv8.so	_ZN2v88internal13JSArrayBuffer15CreateExtensionEPNS0_7IsolateENSt4__Cr10shared_ptrINS0_12BackingStoreEEE
libv8.so	_ZN2v88internal13JSArrayBuffer5SetupENS0_10SharedFlagENS0_13ResizableFlagENSt4__Cr10shared_ptrINS0_12BackingStoreEEEPNS0_7IsolateE
libv8.so	_ZN2v88internal14JSAtomicsMutex12LockSlowPathEPNS0_7IsolateENS0_12DirectHandleIS1_EEPNSt4__Cr6atomicIjEENS6_8optionalINS_4base9TimeDeltaEEE
libv8.so	_ZN2v88internal14JSAtomicsMutex14UnlockSlowPathEPNS0_7IsolateEPNSt4__Cr6atomicIjEE
libv8.so	_ZN2v88internal14JSAtomicsMutex16MaybeEnqueueNodeEPNS0_7IsolateENS0_12DirectHandleIS1_EEPNSt4__Cr6atomicIjEEPNS0_6detail15WaiterQueueNodeE
libv8.so	_ZN2v88internal14PagedSpaceBaseC2EPNS0_4HeapENS0_15AllocationSpaceENS0_13ExecutabilityENSt4__Cr10unique_ptrINS0_8FreeListENS6_14default_deleteIS8_EEEENS0_19CompactionSpaceKindE
libv8.so	_ZN2v88internal14V8HeapExplorer16SetWeakReferenceEPNS0_9HeapEntryEiNS0_6TaggedINS0_6ObjectEEENSt4__Cr8optionalIiEE
libv8.so	_ZN2v88internal14V8HeapExplorer23MakeNativeContextTagMapEONSt4__Cr6vectorINS2_4pairINS_6GlobalINS_7ContextEEEPKcEENS2_9allocatorISA_EEEE
libv8.so	_ZN2v88internal14V8HeapExplorer9TagObjectENS0_6TaggedINS0_6ObjectEEEPKcNSt4__Cr8optionalINS0_9HeapEntry4TypeEEEb
libv8.so	_ZN2v88internal15CodeEventLogger15CodeCreateEventENS0_16LogEventListener7CodeTagEPKNS0_4wasm8WasmCodeENS_4base6VectorIKcEENSt4__Cr17basic_string_viewIcNSC_11char_traitsIcEEEEii
libv8.so	_ZN2v88internal15CppGraphBuilder3RunEPNS_7IsolateEPNS_13EmbedderGraphEPvONSt4__Cr13unordered_setINS0_6TaggedINS0_21CppHeapExternalObjectEEENS0_6Object6HasherENSC_12KeyEqualSafeENS7_9allocatorISB_EEEE
libv8.so	_ZN2v88internal15JSDispatchTable26PrintCurrentTieringRequestENS_4base11StrongAliasINS0_24JSDispatchHandleAliasTagEjEEPNS0_7IsolateERNSt4__Cr13basic_ostreamIcNS8_11char_traitsIcEEEE
libv8.so	_ZN2v88internal15ThreadIsolation16JitPageReference27UnregisterAllocationsExceptEjjRKNSt4__Cr6vectorIjNS3_9allocatorIjEEEE
libv8.so	_ZN2v88internal15ThreadIsolation22RegisterJitAllocationsEjRKNSt4__Cr6vectorIjNS2_9allocatorIjEEEENS1_17JitAllocationTypeE
libv8.so	_ZN2v88internal16JSDateTimeFormat22CanonicalizeTimeZoneIDERKNSt4__Cr12basic_stringIcNS2_11char_traitsIcEENS2_9allocatorIcEEEE
libv8.so	_ZN2v88internal16MarkingWorklists22CreateContextWorklistsERKNSt4__Cr6vectorIjNS2_9allocatorIjEEEE
libv8.so	_ZN2v88internal16MarkingWorklists5LocalC1EPS1_NSt4__Cr10unique_ptrINS0_15CppMarkingStateENS4_14default_deleteIS6_EEEE
libv8.so	_ZN2v88internal16MarkingWorklists5LocalC2EPS1_NSt4__Cr10unique_ptrINS0_15CppMarkingStateENS4_14default_deleteIS6_EEEE
libv8.so	_ZN2v88internal16MemoryControllerINS0_11V8HeapTraitEE13GrowingFactorEPNS0_4HeapEjNSt4__Cr8optionalIdEEdNS4_15HeapGrowingModeE
libv8.so	_ZN2v88internal16MemoryControllerINS0_11V8HeapTraitEE20DynamicGrowingFactorENSt4__Cr8optionalIdEEdd
libv8.so	_ZN2v88internal16MemoryControllerINS0_17GlobalMemoryTraitEE13GrowingFactorEPNS0_4HeapEjNSt4__Cr8optionalIdEEdNS4_15HeapGrowingModeE
libv8.so	_ZN2v88internal16MemoryControllerINS0_17GlobalMemoryTraitEE20DynamicGrowingFactorENSt4__Cr8optionalIdEEdd
libv8.so	_ZN2v88internal16ProfilerListener15CodeCreateEventENS0_16LogEventListener7CodeTagEPKNS0_4wasm8WasmCodeENS_4base6VectorIKcEENSt4__Cr17basic_string_viewIcNSC_11char_traitsIcEEEEii
libv8.so	_ZN2v88internal16WasmModuleObject3NewEPNS0_7IsolateENSt4__Cr10shared_ptrINS0_4wasm12NativeModuleEEENS0_12DirectHandleINS0_6ScriptEEE
libv8.so	_ZN2v88internal17WasmDispatchTable13SetForWrapperEiNS0_6TaggedINS0_14WasmImportDataEEENSt4__Cr10shared_ptrINS0_4wasm23WasmImportWrapperHandleEEENS7_18CanonicalTypeIndexENS1_18NewOrExistingEntryE
libv8.so	_ZN2v88internal18BasicBlockProfiler3LogEPNS0_7IsolateERNSt4__Cr13basic_ostreamIcNS4_11char_traitsIcEEEE
libv8.so	_ZN2v88internal18BasicBlockProfiler5PrintEPNS0_7IsolateERNSt4__Cr13basic_ostreamIcNS4_11char_traitsIcEEEE
libv8.so	_ZN2v88internal18CodeCommentsWriter3AddEjNSt4__Cr12basic_stringIcNS2_11char_traitsIcEENS2_9allocatorIcEEEE
libv8.so	_ZN2v88internal18IncrementalMarking11CppHeapStepENS_4base9TimeDeltaENSt4__Cr8optionalIjEENS0_10StepOriginE
libv8.so	_ZN2v88internal18JSAtomicsCondition7WaitForEPNS0_7IsolateENS0_12DirectHandleIS1_EENS4_INS0_14JSAtomicsMutexEEENSt4__Cr8optionalINS_4base9TimeDeltaEEE
libv8.so	_ZN2v88internal18MacroAssemblerBaseC2EPNS0_7IsolateENSt4__Cr7variantIJPNS0_4ZoneEPNS0_19AccountingAllocatorEEEENS0_16AssemblerOptionsENS0_18CodeObjectRequiredENS4_10unique_ptrINS0_15AssemblerBufferENS4_14default_deleteISE_EEEE
libv8.so	_ZN2v88internal18MacroAssemblerBaseC2EPNS0_7IsolateERKNS0_16AssemblerOptionsENS0_18CodeObjectRequiredENSt4__Cr10unique_ptrINS0_15AssemblerBufferENS8_14default_deleteISA_EEEE
libv8.so	_ZN2v88internal19PreparseDataBuilder8ByteData5StartEPNSt4__Cr6vectorIhNS3_9allocatorIhEEEE
libv8.so	_ZN2v88internal19PreparseDataBuilderC1EPNS0_4ZoneEPS1_PNSt4__Cr6vectorIPvNS5_9allocatorIS7_EEEE
libv8.so	_ZN2v88internal19PreparseDataBuilderC2EPNS0_4ZoneEPS1_PNSt4__Cr6vectorIPvNS5_9allocatorIS7_EEEE
libv8.so	_ZN2v88internal19ScriptStreamingDataC1ENSt4__Cr10unique_ptrINS_14ScriptCompiler20ExternalSourceStreamENS2_14default_deleteIS5_EEEENS4_14StreamedSource8EncodingE
libv8.so	_ZN2v88internal19ScriptStreamingDataC2ENSt4__Cr10unique_ptrINS_14ScriptCompiler20ExternalSourceStreamENS2_14default_deleteIS5_EEEENS4_14StreamedSource8EncodingE
libv8.so	_ZN2v88internal19SpaceWithLinearAreaC2EPNS0_4HeapENS0_15AllocationSpaceENSt4__Cr10unique_ptrINS0_8FreeListENS5_14default_deleteIS7_EEEE
libv8.so	_ZN2v88internal19TransitionsAccessor19ForEachTransitionToENS0_6TaggedINS0_4NameEEERKNSt4__Cr8functionIFvNS2_INS0_3MapEEEEEEPNS0_25PerThreadAssertScopeEmptyILb0EJLNS0_19PerThreadAssertTypeE1ELSE_2EEEE
libv8.so	_ZN2v88internal19TransitionsAccessor30TraverseTransitionTreeInternalERKNSt4__Cr8functionIFvNS0_6TaggedINS0_3MapEEEEEEPNS0_25PerThreadAssertScopeEmptyILb0EJLNS0_19PerThreadAssertTypeE1ELSC_2EEEE
libv8.so	_ZN2v88internal21BackgroundCompileTaskC1EPNS0_7IsolateENS0_6HandleINS0_18SharedFunctionInfoEEENSt4__Cr10unique_ptrINS0_20Utf16CharacterStreamENS7_14default_deleteIS9_EEEEPNS0_28WorkerThreadRuntimeCallStatsEPNS0_14TimedHistogramEi
libv8.so	_ZN2v88internal21BackgroundCompileTaskC2EPNS0_7IsolateENS0_6HandleINS0_18SharedFunctionInfoEEENSt4__Cr10unique_ptrINS0_20Utf16CharacterStreamENS7_14default_deleteIS9_EEEEPNS0_28WorkerThreadRuntimeCallStatsEPNS0_14TimedHistogramEi
libv8.so	_ZN2v88internal21CpuProfilesCollection14StartProfilingEPKcNS_19CpuProfilingOptionsENSt4__Cr10unique_ptrINS_24DiscardedSamplesDelegateENS5_14default_deleteIS7_EEEE
libv8.so	_ZN2v88internal21CpuProfilesCollection14StartProfilingEjPKcNS_19CpuProfilingOptionsENSt4__Cr10unique_ptrINS_24DiscardedSamplesDelegateENS5_14default_deleteIS7_EEEE
libv8.so	_ZN2v88internal21CpuProfilesCollection24AddPathToCurrentProfilesENS_4base9TimeTicksERKNSt4__Cr6vectorINS0_20CodeEntryAndPositionENS4_9allocatorIS6_EEEENS0_13LineAndColumnEbNS2_9TimeDeltaENS_8StateTagENS_16EmbedderStateTagEjjNS4_8optionalIyEE
libv8.so	_ZN2v88internal21FlattenRegionsToPartsEPNSt4__Cr6vectorINS0_16NumberFormatSpanENS1_9allocatorIS3_EEEE
libv8.so	_ZN2v88internal21ImportedFunctionEntry16SetWasmToWrapperEPNS0_7IsolateENS0_12DirectHandleINS0_10JSReceiverEEENSt4__Cr10shared_ptrINS0_4wasm23WasmImportWrapperHandleEEENS9_7SuspendEPKNS9_12CanonicalSigE
libv8.so	_ZN2v88internal21LazyCompileDispatcher3JobC1ENSt4__Cr10unique_ptrINS0_21BackgroundCompileTaskENS3_14default_deleteIS5_EEEE
libv8.so	_ZN2v88internal21LazyCompileDispatcher3JobC2ENSt4__Cr10unique_ptrINS0_21BackgroundCompileTaskENS3_14default_deleteIS5_EEEE
libv8.so	_ZN2v88internal21LazyCompileDispatcher7EnqueueEPNS0_12LocalIsolateENS0_6HandleINS0_18SharedFunctionInfoEEENSt4__Cr10unique_ptrINS0_20Utf16CharacterStreamENS7_14default_deleteIS9_EEEE
libv8.so	_ZN2v88internal22TorqueGeneratedFactoryINS0_12LocalFactoryEE31NewOnHeapBasicBlockProfilerDataENS0_12DirectHandleINS0_21FixedIntegerArrayBaseIiNS0_9ByteArrayEEEEENS4_INS5_IjS6_EEEENS4_INS0_8PodArrayINSt4__Cr4pairIiiEEEEEENS4_INS0_6StringEEESI_SI_iNS0_14AllocationTypeE
libv8.so	_ZN2v88internal22TorqueGeneratedFactoryINS0_7FactoryEE31NewOnHeapBasicBlockProfilerDataENS0_12DirectHandleINS0_21FixedIntegerArrayBaseIiNS0_9ByteArrayEEEEENS4_INS5_IjS6_EEEENS4_INS0_8PodArrayINSt4__Cr4pairIiiEEEEEENS4_INS0_6StringEEESI_SI_iNS0_14AllocationTypeE
libv8.so	_ZN2v88internal23ProfilerEventsProcessor15AddCurrentStackEbNSt4__Cr8optionalIyEE
libv8.so	_ZN2v88internal23WasmTrustedInstanceData3NewEPNS0_7IsolateENS0_12DirectHandleINS0_16WasmModuleObjectEEENSt4__Cr10shared_ptrINS0_4wasm12NativeModuleEEEb
libv8.so	_ZN2v88internal25BackgroundDeserializeTaskC1EPNS0_7IsolateENSt4__Cr10unique_ptrINS_14ScriptCompiler10CachedDataENS4_14default_deleteIS7_EEEE
libv8.so	_ZN2v88internal25BackgroundDeserializeTaskC2EPNS0_7IsolateENSt4__Cr10unique_ptrINS_14ScriptCompiler10CachedDataENS4_14default_deleteIS7_EEEE
libv8.so	_ZN2v88internal27OptimizingCompileDispatcher23TryQueueForOptimizationERNSt4__Cr10unique_ptrINS0_22TurbofanCompilationJobENS2_14default_deleteIS4_EEEE
libv8.so	_ZN2v88internal27OptimizingCompileInputQueue7EnqueueERNSt4__Cr10unique_ptrINS0_22TurbofanCompilationJobENS2_14default_deleteIS4_EEEE
libv8.so	_ZN2v88internal29OptimizingCompileTaskExecutor23TryQueueForOptimizationERNSt4__Cr10unique_ptrINS0_22TurbofanCompilationJobENS2_14default_deleteIS4_EEEE
libv8.so	_ZN2v88internal3Smi8SmiPrintENS0_6TaggedIS1_EERNSt4__Cr13basic_ostreamIcNS4_11char_traitsIcEEEE
libv8.so	_ZN2v88internal4Heap20CreateFillerObjectAtEjiNS0_20ClearFreedMemoryModeENSt4__Cr8optionalINS0_14AllocationTypeEEE
libv8.so	_ZN2v88internal4Heap28AllocateExternalBackingStoreERKNSt4__Cr8functionIFPvjEEEj
libv8.so	_ZN2v88internal4wasm10WasmEngine12AsyncCompileEPNS0_7IsolateENS1_19WasmEnabledFeaturesENS1_18CompileTimeImportsENSt4__Cr10shared_ptrINS1_25CompilationResultResolverEEENS_4base11OwnedVectorIKhEEPKc
libv8.so	_ZN2v88internal4wasm10WasmEngine12FreeDeadCodeERKNSt4__Cr13unordered_mapIPNS1_12NativeModuleENS3_6vectorIPNS1_8WasmCodeENS3_9allocatorIS9_EEEENS3_4hashIS6_EENS3_8equal_toIS6_EENSA_INS3_4pairIKS6_SC_EEEEEERSC_
libv8.so	_ZN2v88internal4wasm10WasmEngine15NewNativeModuleEPNS0_7IsolateENS1_19WasmEnabledFeaturesENS1_20WasmDetectedFeaturesENS1_18CompileTimeImportsENSt4__Cr10shared_ptrIKNS1_10WasmModuleEEEj
libv8.so	_ZN2v88internal4wasm10WasmEngine16AsyncInstantiateEPNS0_7IsolateENSt4__Cr10unique_ptrINS1_27InstantiationResultResolverENS5_14default_deleteIS7_EEEENS0_12DirectHandleINS0_16WasmModuleObjectEEENS0_17MaybeDirectHandleINS0_10JSReceiverEEE
libv8.so	_ZN2v88internal4wasm10WasmEngine17GetOrCreateScriptEPNS0_7IsolateERKNSt4__Cr10shared_ptrINS1_12NativeModuleEEENS_4base6VectorIKcEE
libv8.so	_ZN2v88internal4wasm10WasmEngine18FreeDeadCodeLockedERKNSt4__Cr13unordered_mapIPNS1_12NativeModuleENS3_6vectorIPNS1_8WasmCodeENS3_9allocatorIS9_EEEENS3_4hashIS6_EENS3_8equal_toIS6_EENSA_INS3_4pairIKS6_SC_EEEEEERSC_
libv8.so	_ZN2v88internal4wasm10WasmEngine18ImportNativeModuleEPNS0_7IsolateENSt4__Cr10shared_ptrINS1_12NativeModuleEEENS_4base6VectorIKcEE
libv8.so	_ZN2v88internal4wasm10WasmEngine19ReportLiveCodeForGCEPNS0_7IsolateERNSt4__Cr13unordered_setIPNS1_8WasmCodeENS5_4hashIS8_EENS5_8equal_toIS8_EENS5_9allocatorIS8_EEEE
libv8.so	_ZN2v88internal4wasm10WasmEngine21ClearWeakScriptHandleEPNS0_7IsolateENSt4__Cr10unique_ptrIPjNS5_14default_deleteIS7_EEEE
libv8.so	_ZN2v88internal4wasm10WasmEngine21CreateAsyncCompileJobENS1_19WasmEnabledFeaturesENS1_18CompileTimeImportsENS_4base11OwnedVectorIKhEEPKcNSt4__Cr10shared_ptrINS1_25CompilationResultResolverEEEi
libv8.so	_ZN2v88internal4wasm10WasmEngine22NewUnownedNativeModuleENS1_19WasmEnabledFeaturesENS1_20WasmDetectedFeaturesENS1_18CompileTimeImportsENSt4__Cr10shared_ptrIKNS1_10WasmModuleEEEj
libv8.so	_ZN2v88internal4wasm10WasmEngine23UpdateNativeModuleCacheEbNSt4__Cr10shared_ptrINS1_12NativeModuleEEEPNS0_7IsolateE
libv8.so	_ZN2v88internal4wasm10WasmEngine25StartStreamingCompilationENS1_19WasmEnabledFeaturesENS1_18CompileTimeImportsEPKcNSt4__Cr10shared_ptrINS1_25CompilationResultResolverEEE
libv8.so	_ZN2v88internal4wasm11SimdShuffle10Pack2LanesERKNSt4__Cr5arrayIhLj2EEE
libv8.so	_ZN2v88internal4wasm11SimdShuffle17TryMatchCanonicalERKNSt4__Cr5arrayIhLj16EEE
libv8.so	_ZN2v88internal4wasm11SimdShuffle17TryMatchCanonicalERKNSt4__Cr5arrayIhLj8EEE
libv8.so	_ZN2v88internal4wasm11SimdSwizzle21AllInRangeOrTopBitSetENSt4__Cr5arrayIhLj16EEE
libv8.so	_ZN2v88internal4wasm12BuildTSGraphEPNS0_8compiler10turboshaft12PipelineDataEPNS0_19AccountingAllocatorEPNS1_14CompilationEnvEPNS1_20WasmDetectedFeaturesERNS3_5GraphERKNS1_12FunctionBodyEPKNS1_16WireBytesStorageEPNSt4__Cr10unique_ptrINS1_18AssumptionsJournalENSK_14default_deleteISM_EEEEPNS0_10ZoneVectorINS0_20WasmInliningPositionEEEiPNS1_24WasmFunctionCoverageDataE
libv8.so	_ZN2v88internal4wasm12NativeModule16SetWasmSourceMapENSt4__Cr10unique_ptrINS1_19WasmModuleSourceMapENS3_14default_deleteIS5_EEEE
libv8.so	_ZN2v88internal4wasm12NativeModule17PublishCodeLockedENSt4__Cr10unique_ptrINS1_8WasmCodeENS3_14default_deleteIS5_EEEEPNS1_18AssumptionsJournalE
libv8.so	_ZN2v88internal4wasm12NativeModule18DisassembleForLcovERNSt4__Cr13basic_ostreamIcNS3_11char_traitsIcEEEERNS3_6vectorIiNS3_9allocatorIiEEEERNS3_3mapIjjNS3_4lessIjEENSA_INS3_4pairIKjjEEEEEE
libv8.so	_ZN2v88internal4wasm12NativeModuleC1ENS1_19WasmEnabledFeaturesENS1_20WasmDetectedFeaturesENS1_18CompileTimeImportsENS0_13VirtualMemoryENSt4__Cr10shared_ptrIKNS1_10WasmModuleEEEPNS8_IS2_EE
libv8.so	_ZN2v88internal4wasm12NativeModuleC2ENS1_19WasmEnabledFeaturesENS1_20WasmDetectedFeaturesENS1_18CompileTimeImportsENS0_13VirtualMemoryENSt4__Cr10shared_ptrIKNS1_10WasmModuleEEEPNS8_IS2_EE
libv8.so	_ZN2v88internal4wasm13NamesProvider17ComputeExportNameERKNS1_10WasmExportERNSt4__Cr3mapIjNS6_12basic_stringIcNS6_11char_traitsIcEENS6_9allocatorIcEEEENS6_4lessIjEENSB_INS6_4pairIKjSD_EEEEEE
libv8.so	_ZN2v88internal4wasm13NamesProvider17ComputeImportNameERKNS1_10WasmImportERNSt4__Cr3mapIjNS6_12basic_stringIcNS6_11char_traitsIcEENS6_9allocatorIcEEEENS6_4lessIjEENSB_INS6_4pairIKjSD_EEEEEE
libv8.so	_ZN2v88internal4wasm15WasmCodeManager15NewNativeModuleENS1_19WasmEnabledFeaturesENS1_20WasmDetectedFeaturesENS1_18CompileTimeImportsEjNSt4__Cr10shared_ptrIKNS1_10WasmModuleEEE
libv8.so	_ZN2v88internal4wasm16CompilationState11AddCallbackENSt4__Cr10unique_ptrINS1_24CompilationEventCallbackENS3_14default_deleteIS5_EEEE
libv8.so	_ZN2v88internal4wasm16CompilationState19SetWireBytesStorageENSt4__Cr10shared_ptrINS1_16WireBytesStorageEEE
libv8.so	_ZN2v88internal4wasm16CompilationState3NewERKNSt4__Cr10shared_ptrINS1_12NativeModuleEEENS1_20WasmDetectedFeaturesE
libv8.so	_ZN2v88internal4wasm16DecodeWasmModuleENS1_19WasmEnabledFeaturesENS_4base6VectorIKhEEbNS1_12ModuleOriginEPNS0_21DelayedCounterUpdatesEPNSt4__Cr8optionalINS_7metrics17WasmModuleDecodedEEENS1_14DecodingMethodEPNS1_20WasmDetectedFeaturesE
libv8.so	_ZN2v88internal4wasm16StreamingDecoder26CreateSyncStreamingDecoderENS1_19WasmEnabledFeaturesENS1_18CompileTimeImportsEPKcNSt4__Cr10shared_ptrINS1_25CompilationResultResolverEEE
libv8.so	_ZN2v88internal4wasm16StreamingDecoder27CreateAsyncStreamingDecoderENSt4__Cr10unique_ptrINS1_18StreamingProcessorENS3_14default_deleteIS5_EEEE
libv8.so	_ZN2v88internal4wasm17ValidateFunctionsEPKNS1_10WasmModuleENS1_19WasmEnabledFeaturesENS_4base6VectorIKhEENSt4__Cr8functionIFbiEEEPNS1_20WasmDetectedFeaturesE
libv8.so	_ZN2v88internal4wasm18ModuleDisassemblerC1ERNS1_22MultiLineStringBuilderEPKNS1_10WasmModuleEPNS1_13NamesProviderENS1_15ModuleWireBytesEPNS0_19AccountingAllocatorENSt4__Cr10unique_ptrINS1_15OffsetsProviderENSD_14default_deleteISF_EEEEPNSD_6vectorIiNSD_9allocatorIiEEEE
libv8.so	_ZN2v88internal4wasm18ModuleDisassemblerC2ERNS1_22MultiLineStringBuilderEPKNS1_10WasmModuleEPNS1_13NamesProviderENS1_15ModuleWireBytesEPNS0_19AccountingAllocatorENSt4__Cr10unique_ptrINS1_15OffsetsProviderENSD_14default_deleteISF_EEEEPNSD_6vectorIiNSD_9allocatorIiEEEE
libv8.so	_ZN2v88internal4wasm19WasmModuleSourceMap13DecodeMappingERKNSt4__Cr12basic_stringIcNS3_11char_traitsIcEENS3_9allocatorIcEEEE
libv8.so	_ZN2v88internal4wasm20WasmCodePointerTable16VectorToFreelistENSt4__Cr6vectorIjNS3_9allocatorIjEEEE
libv8.so	_ZN2v88internal4wasm21AsyncStreamingDecoder25NotifyNativeModuleCreatedERKNSt4__Cr10shared_ptrINS1_12NativeModuleEEE
libv8.so	_ZN2v88internal4wasm21AsyncStreamingDecoder6FinishERKNSt4__Cr8functionIFvRNS_13WasmStreaming22ModuleCachingInterfaceEEEE
libv8.so	_ZN2v88internal4wasm21AsyncStreamingDecoderC1ENSt4__Cr10unique_ptrINS1_18StreamingProcessorENS3_14default_deleteIS5_EEEE
libv8.so	_ZN2v88internal4wasm21AsyncStreamingDecoderC2ENSt4__Cr10unique_ptrINS1_18StreamingProcessorENS3_14default_deleteIS5_EEEE
libv8.so	_ZN2v88internal4wasm21CompileToNativeModuleEPNS0_7IsolateENS1_19WasmEnabledFeaturesENS1_20WasmDetectedFeaturesENS1_18CompileTimeImportsEPNS1_12ErrorThrowerENSt4__Cr10shared_ptrIKNS1_10WasmModuleEEENS_4base11OwnedVectorIKhEEiNS_7metrics8Recorder9ContextIdEPNS1_18ProfileInformationE
libv8.so	_ZN2v88internal4wasm22PrintGlobalTraceStringERKNS1_16GlobalTraceEntryEPNS1_12NativeModuleERNSt4__Cr13basic_ostreamIcNS7_11char_traitsIcEEEE
libv8.so	_ZN2v88internal4wasm22PrintMemoryTraceStringERKNS1_16MemoryTraceEntryEPNS1_12NativeModuleERNSt4__Cr13basic_ostreamIcNS7_11char_traitsIcEEEE
libv8.so	_ZN2v88internal4wasm24NativeModuleDeserializer7PublishENSt4__Cr6vectorINS1_19DeserializationUnitENS3_9allocatorIS5_EEEE
libv8.so	_ZN2v88internal4wasm24StartStreamingForTestingEPNS0_7IsolateENSt4__Cr10shared_ptrINS1_25CompilationResultResolverEEE
libv8.so	_ZN2v88internal4wasmlsERNSt4__Cr13basic_ostreamIcNS2_11char_traitsIcEEEERKNS0_9SignatureINS1_9ValueTypeEEE
libv8.so	_ZN2v88internal4wasmlsERNSt4__Cr13basic_ostreamIcNS2_11char_traitsIcEEEERKNS1_16WasmFunctionNameE
libv8.so	_ZN2v88internal5Debug18ClearAllDebugInfosERKNSt4__Cr8functionIFvNS0_6HandleINS0_9DebugInfoEEEEEE
libv8.so	_ZN2v88internal5Debug22GetPossibleBreakpointsENS0_6HandleINS0_6ScriptEEEiibPNSt4__Cr6vectorINS0_13BreakLocationENS5_9allocatorIS7_EEEE
libv8.so	_ZN2v88internal5Debug25IsMutedAtAnyBreakLocationENS0_12DirectHandleINS0_18SharedFunctionInfoEEERKNSt4__Cr6vectorINS0_13BreakLocationENS5_9allocatorIS7_EEEE
libv8.so	_ZN2v88internal5Debug28CheckBreakPointsForLocationsENS0_6HandleINS0_9DebugInfoEEERNSt4__Cr6vectorINS0_13BreakLocationENS5_9allocatorIS7_EEEEPb
libv8.so	_ZN2v88internal5Debug40FindSharedFunctionInfosIntersectingRangeENS0_6HandleINS0_6ScriptEEEiiPNSt4__Cr6vectorINS2_INS0_18SharedFunctionInfoEEENS5_9allocatorIS8_EEEE
libv8.so	_ZN2v88internal5Scope29AllocateScopeInfosRecursivelyINS0_12LocalIsolateEEEvPT_NS0_11MaybeHandleINS0_9ScopeInfoEEERNSt4__Cr13unordered_mapIiNS0_6HandleIS7_EENS9_4hashIiEENS9_8equal_toIiEENS9_9allocatorINS9_4pairIKiSC_EEEEEE
libv8.so	_ZN2v88internal5Scope29AllocateScopeInfosRecursivelyINS0_7IsolateEEEvPT_NS0_11MaybeHandleINS0_9ScopeInfoEEERNSt4__Cr13unordered_mapIiNS0_6HandleIS7_EENS9_4hashIiEENS9_8equal_toIiEENS9_9allocatorINS9_4pairIKiSC_EEEEEE
libv8.so	_ZN2v88internal6Parser16UpdateStatisticsENS0_12DirectHandleINS0_6ScriptEEEPNS_4base11SmallVectorINS_7Isolate17UseCounterFeatureELj8ENSt4__Cr9allocatorIS8_EEEEPi
libv8.so	_ZN2v88internal6String7PrintOnERNSt4__Cr13basic_ostreamIcNS2_11char_traitsIcEEEE
libv8.so	_ZN2v88internal6maglev21MaglevCompilationInfoC1EPNS0_7IsolateENS0_6HandleINS0_10JSFunctionEEENS0_14BytecodeOffsetENSt4__Cr8optionalIPNS0_8compiler12JSHeapBrokerEEENSA_IbEEb
libv8.so	_ZN2v88internal6maglev21MaglevCompilationInfoC2EPNS0_7IsolateENS0_6HandleINS0_10JSFunctionEEENS0_14BytecodeOffsetENSt4__Cr8optionalIPNS0_8compiler12JSHeapBrokerEEENSA_IbEEb
libv8.so	_ZN2v88internal6maglev26MaglevConcurrentDispatcher10EnqueueJobEONSt4__Cr10unique_ptrINS1_20MaglevCompilationJobENS3_14default_deleteIS5_EEEE
libv8.so	_ZN2v88internal7CppHeap14AdvanceMarkingENS_4base9TimeDeltaENSt4__Cr8optionalIjEEN5cppgc18EmbedderStackStateE
libv8.so	_ZN2v88internal7CppHeap17InitializeMarkingEN5cppgc8internal14CollectionTypeENSt4__Cr10shared_ptrIN4heap4base26IncrementalMarkingScheduleEEENS_4base5FlagsINS1_27GarbageCollectionFlagValuesEiiEE
libv8.so	_ZN2v88internal7CppHeap36CollectCustomSpaceStatisticsAtLastGCENSt4__Cr6vectorIN5cppgc16CustomSpaceIndexENS2_9allocatorIS5_EEEENS2_10unique_ptrINS_29CustomSpaceStatisticsReceiverENS2_14default_deleteISA_EEEE
libv8.so	_ZN2v88internal7CppHeapC1EPNS_8PlatformERKNSt4__Cr6vectorINS4_10unique_ptrIN5cppgc15CustomSpaceBaseENS4_14default_deleteIS8_EEEENS4_9allocatorISB_EEEENS7_4Heap11MarkingTypeENSH_12SweepingTypeE
libv8.so	_ZN2v88internal7CppHeapC2EPNS_8PlatformERKNSt4__Cr6vectorINS4_10unique_ptrIN5cppgc15CustomSpaceBaseENS4_14default_deleteIS8_EEEENS4_9allocatorISB_EEEENS7_4Heap11MarkingTypeENSH_12SweepingTypeE
libv8.so	_ZN2v88internal7Factory16NewJSArrayBufferENSt4__Cr10shared_ptrINS0_12BackingStoreEEENS0_14AllocationTypeE
libv8.so	_ZN2v88internal7Factory21NewWasmJSFunctionDataEPKNS0_4wasm12CanonicalSigENS0_12DirectHandleINS0_10JSReceiverEEENS6_INS0_4CodeEEENS6_INS0_3MapEEENS2_7SuspendENS2_7PromiseENSt4__Cr10shared_ptrINS2_23WasmImportWrapperHandleEEE
libv8.so	_ZN2v88internal7Factory22NewJSSharedArrayBufferENSt4__Cr10shared_ptrINS0_12BackingStoreEEE
libv8.so	_ZN2v88internal7Factory25InitializeJSObjectFromMapENS0_6TaggedINS0_3MapEEENS2_INS0_8JSObjectEEENSt4__Cr8optionalINS2_INS0_6ObjectEEEEENS0_15NewJSObjectTypeE
libv8.so	_ZN2v88internal7Isolate12SetCodePagesEPNSt4__Cr6vectorINS_11MemoryRangeENS2_9allocatorIS4_EEEE
libv8.so	_ZN2v88internal7Isolate17AddCrashKeyStringEPKcNS_12CrashKeySizeENSt4__Cr17basic_string_viewIcNS5_11char_traitsIcEEEE
libv8.so	_ZN2v88internal7Isolate17SetCrashKeyStringEPvNSt4__Cr17basic_string_viewIcNS3_11char_traitsIcEEEE
libv8.so	_ZN2v88internal7Isolate22PrintCurrentStackTraceERNSt4__Cr13basic_ostreamIcNS2_11char_traitsIcEEEEPFbPNS_7IsolateENS_5LocalINS_6StringEEEE
libv8.so	_ZN2v88internal7Isolate22SetAddCrashKeyCallbackEPFvNS_10CrashKeyIdERKNSt4__Cr12basic_stringIcNS3_11char_traitsIcEENS3_9allocatorIcEEEEE
libv8.so	_ZN2v88internal7Isolate23set_icu_object_in_cacheENS1_18ICUObjectCacheTypeENS0_12DirectHandleINS0_6ObjectEEENSt4__Cr10shared_ptrIN6icu_777UMemoryEEE
libv8.so	_ZN2v88internal7Isolate25RunReleaseCppHeapCallbackENSt4__Cr10unique_ptrINS_7CppHeapENS2_14default_deleteIS4_EEEE
libv8.so	_ZN2v88internal7Isolate25SetReleaseCppHeapCallbackEPFvNSt4__Cr10unique_ptrINS_7CppHeapENS2_14default_deleteIS4_EEEEE
libv8.so	_ZN2v88internal7Isolate26SetCrashKeyStringCallbacksENSt4__Cr8functionIFPvPKcNS_12CrashKeySizeEEEENS3_IFvS4_NS2_17basic_string_viewIcNS2_11char_traitsIcEEEEEEE
libv8.so	_ZN2v88internal7Isolate27WalkCallStackAndPromiseTreeENS0_17MaybeDirectHandleINS0_9JSPromiseEEERKNSt4__Cr8functionIFvNS1_14PromiseHandlerEEEE
libv8.so	_ZN2v88internal7LogFile18IsLoggingToConsoleENSt4__Cr12basic_stringIcNS2_11char_traitsIcEENS2_9allocatorIcEEEE
libv8.so	_ZN2v88internal7LogFile24IsLoggingToTemporaryFileENSt4__Cr12basic_stringIcNS2_11char_traitsIcEENS2_9allocatorIcEEEE
libv8.so	_ZN2v88internal7metrics8Recorder19SetEmbedderRecorderEPNS0_7IsolateERKNSt4__Cr10shared_ptrINS_7metrics8RecorderEEE
libv8.so	_ZN2v88internal7metrics8Recorder5DelayEONSt4__Cr10unique_ptrINS2_16DelayedEventBaseENS3_14default_deleteIS5_EEEE
libv8.so	_ZN2v88internal8LiveEdit14CompareStringsEPNS0_7IsolateENS0_6HandleINS0_6StringEEES6_PNSt4__Cr6vectorINS0_17SourceChangeRangeENS7_9allocatorIS9_EEEE
libv8.so	_ZN2v88internal8LiveEdit17TranslatePositionERKNSt4__Cr6vectorINS0_17SourceChangeRangeENS2_9allocatorIS4_EEEEi
libv8.so	_ZN2v88internal8compiler10BitsetType5PrintERNSt4__Cr13basic_ostreamIcNS3_11char_traitsIcEEEEy
libv8.so	_ZN2v88internal8compiler10turboshaft28TurboshaftSpecialRPONumberer15ComputeLoopInfoEjRNS0_10ZoneVectorINSt4__Cr4pairIPKNS2_5BlockEjEEEE
libv8.so	_ZN2v88internal8compiler10turboshaft4Type15ParseFromStringERKNSt4__Cr17basic_string_viewIcNS4_11char_traitsIcEEEEPNS0_4ZoneE
libv8.so	_ZN2v88internal8compiler10turboshaft8Pipeline12GenerateCodeEPNS1_7LinkageENSt4__Cr10shared_ptrINS1_9OsrHelperEEEPNS0_20JumpOptimizationInfoEPKNS0_19ProfileDataFromFileEi
libv8.so	_ZN2v88internal8compiler10turboshaft8WordTypeILj32EE3SetERKNSt4__Cr6vectorIjNS5_9allocatorIjEEEEPNS0_4ZoneE
libv8.so	_ZN2v88internal8compiler10turboshaft8WordTypeILj64EE3SetERKNSt4__Cr6vectorIyNS5_9allocatorIyEEEEPNS0_4ZoneE
libv8.so	_ZN2v88internal8compiler10turboshaft9FloatTypeILj32EE3SetERKNSt4__Cr6vectorIfNS5_9allocatorIfEEEEPNS0_4ZoneE
libv8.so	_ZN2v88internal8compiler10turboshaft9FloatTypeILj32EE3SetERKNSt4__Cr6vectorIfNS5_9allocatorIfEEEEjPNS0_4ZoneE
libv8.so	_ZN2v88internal8compiler10turboshaft9FloatTypeILj64EE3SetERKNSt4__Cr6vectorIdNS5_9allocatorIdEEEEPNS0_4ZoneE
libv8.so	_ZN2v88internal8compiler10turboshaft9FloatTypeILj64EE3SetERKNSt4__Cr6vectorIdNS5_9allocatorIdEEEEjPNS0_4ZoneE
libv8.so	_ZN2v88internal8compiler10turboshaftlsERNSt4__Cr13basic_ostreamIcNS3_11char_traitsIcEEEENS2_10BlockIndexE
libv8.so	_ZN2v88internal8compiler10turboshaftlsERNSt4__Cr13basic_ostreamIcNS3_11char_traitsIcEEEENS2_10NewArrayOp4KindE
libv8.so	_ZN2v88internal8compiler10turboshaftlsERNSt4__Cr13basic_ostreamIcNS3_11char_traitsIcEEEENS2_10ObjectIsOp16InputAssumptionsE
libv8.so	_ZN2v88internal8compiler10turboshaftlsERNSt4__Cr13basic_ostreamIcNS3_11char_traitsIcEEEENS2_10ObjectIsOp4KindE
libv8.so	_ZN2v88internal8compiler10turboshaftlsERNSt4__Cr13basic_ostreamIcNS3_11char_traitsIcEEEENS2_10StringAtOp4KindE
libv8.so	_ZN2v88internal8compiler10turboshaftlsERNSt4__Cr13basic_ostreamIcNS3_11char_traitsIcEEEENS2_10TypeHintOp4TypeE
libv8.so	_ZN2v88internal8compiler10turboshaftlsERNSt4__Cr13basic_ostreamIcNS3_11char_traitsIcEEEENS2_11AtomicRMWOp5BinOpE
libv8.so	_ZN2v88internal8compiler10turboshaftlsERNSt4__Cr13basic_ostreamIcNS3_11char_traitsIcEEEENS2_11NumericKindE
libv8.so	_ZN2v88internal8compiler10turboshaftlsERNSt4__Cr13basic_ostreamIcNS3_11char_traitsIcEEEENS2_11SameValueOp4ModeE
libv8.so	_ZN2v88internal8compiler10turboshaftlsERNSt4__Cr13basic_ostreamIcNS3_11char_traitsIcEEEENS2_11TryChangeOp4KindE
libv8.so	_ZN2v88internal8compiler10turboshaftlsERNSt4__Cr13basic_ostreamIcNS3_11char_traitsIcEEEENS2_11WordUnaryOp4KindE
libv8.so	_ZN2v88internal8compiler10turboshaftlsERNSt4__Cr13basic_ostreamIcNS3_11char_traitsIcEEEENS2_12ComparisonOp4KindE
libv8.so	_ZN2v88internal8compiler10turboshaftlsERNSt4__Cr13basic_ostreamIcNS3_11char_traitsIcEEEENS2_12FloatUnaryOp4KindE
libv8.so	_ZN2v88internal8compiler10turboshaftlsERNSt4__Cr13basic_ostreamIcNS3_11char_traitsIcEEEENS2_12PaddingSpaceE
libv8.so	_ZN2v88internal8compiler10turboshaftlsERNSt4__Cr13basic_ostreamIcNS3_11char_traitsIcEEEENS2_13BigIntBinopOp4KindE
libv8.so	_ZN2v88internal8compiler10turboshaftlsERNSt4__Cr13basic_ostreamIcNS3_11char_traitsIcEEEENS2_13BigIntUnaryOp4KindE
libv8.so	_ZN2v88internal8compiler10turboshaftlsERNSt4__Cr13basic_ostreamIcNS3_11char_traitsIcEEEENS2_13GenericUnopOp4KindE
libv8.so	_ZN2v88internal8compiler10turboshaftlsERNSt4__Cr13basic_ostreamIcNS3_11char_traitsIcEEEENS2_13Simd128TestOp4KindE
libv8.so	_ZN2v88internal8compiler10turboshaftlsERNSt4__Cr13basic_ostreamIcNS3_11char_traitsIcEEEENS2_14GenericBinopOp4KindE
libv8.so	_ZN2v88internal8compiler10turboshaftlsERNSt4__Cr13basic_ostreamIcNS3_11char_traitsIcEEEENS2_14JSStackCheckOp4KindE
libv8.so	_ZN2v88internal8compiler10turboshaftlsERNSt4__Cr13basic_ostreamIcNS3_11char_traitsIcEEEENS2_14Simd128BinopOp4KindE
libv8.so	_ZN2v88internal8compiler10turboshaftlsERNSt4__Cr13basic_ostreamIcNS3_11char_traitsIcEEEENS2_14Simd128ShiftOp4KindE
libv8.so	_ZN2v88internal8compiler10turboshaftlsERNSt4__Cr13basic_ostreamIcNS3_11char_traitsIcEEEENS2_14Simd128SplatOp4KindE
libv8.so	_ZN2v88internal8compiler10turboshaftlsERNSt4__Cr13basic_ostreamIcNS3_11char_traitsIcEEEENS2_14Simd128UnaryOp4KindE
libv8.so	_ZN2v88internal8compiler10turboshaftlsERNSt4__Cr13basic_ostreamIcNS3_11char_traitsIcEEEENS2_15ChangeOrDeoptOp4KindE
libv8.so	_ZN2v88internal8compiler10turboshaftlsERNSt4__Cr13basic_ostreamIcNS3_11char_traitsIcEEEENS2_15FrameConstantOp4KindE
libv8.so	_ZN2v88internal8compiler10turboshaftlsERNSt4__Cr13basic_ostreamIcNS3_11char_traitsIcEEEENS2_15Simd128ReduceOp4KindE
libv8.so	_ZN2v88internal8compiler10turboshaftlsERNSt4__Cr13basic_ostreamIcNS3_11char_traitsIcEEEENS2_16Simd128TernaryOp4KindE
libv8.so	_ZN2v88internal8compiler10turboshaftlsERNSt4__Cr13basic_ostreamIcNS3_11char_traitsIcEEEENS2_17ArgumentsLengthOp4KindE
libv8.so	_ZN2v88internal8compiler10turboshaftlsERNSt4__Cr13basic_ostreamIcNS3_11char_traitsIcEEEENS2_18AtomicWord32PairOp4KindE
libv8.so	_ZN2v88internal8compiler10turboshaftlsERNSt4__Cr13basic_ostreamIcNS3_11char_traitsIcEEEENS2_18BigIntComparisonOp4KindE
libv8.so	_ZN2v88internal8compiler10turboshaftlsERNSt4__Cr13basic_ostreamIcNS3_11char_traitsIcEEEENS2_18PrintAsBlockHeaderE
libv8.so	_ZN2v88internal8compiler10turboshaftlsERNSt4__Cr13basic_ostreamIcNS3_11char_traitsIcEEEENS2_18StringComparisonOp4KindE
libv8.so	_ZN2v88internal8compiler10turboshaftlsERNSt4__Cr13basic_ostreamIcNS3_11char_traitsIcEEEENS2_18StringToCaseIntlOp4KindE
libv8.so	_ZN2v88internal8compiler10turboshaftlsERNSt4__Cr13basic_ostreamIcNS3_11char_traitsIcEEEENS2_19DoubleArrayMinMaxOp4KindE
libv8.so	_ZN2v88internal8compiler10turboshaftlsERNSt4__Cr13basic_ostreamIcNS3_11char_traitsIcEEEENS2_19OperationPrintStyleE
libv8.so	_ZN2v88internal8compiler10turboshaftlsERNSt4__Cr13basic_ostreamIcNS3_11char_traitsIcEEEENS2_20MemoryRepresentationE
libv8.so	_ZN2v88internal8compiler10turboshaftlsERNSt4__Cr13basic_ostreamIcNS3_11char_traitsIcEEEENS2_22FindOrderedHashEntryOp4KindE
libv8.so	_ZN2v88internal8compiler10turboshaftlsERNSt4__Cr13basic_ostreamIcNS3_11char_traitsIcEEEENS2_22OverflowCheckedUnaryOp4KindE
libv8.so	_ZN2v88internal8compiler10turboshaftlsERNSt4__Cr13basic_ostreamIcNS3_11char_traitsIcEEEENS2_25ConvertWordToSmiOrDeoptOp19InputInterpretationE
libv8.so	_ZN2v88internal8compiler10turboshaftlsERNSt4__Cr13basic_ostreamIcNS3_11char_traitsIcEEEENS2_27MaybeRegisterRepresentationE
libv8.so	_ZN2v88internal8compiler10turboshaftlsERNSt4__Cr13basic_ostreamIcNS3_11char_traitsIcEEEENS2_30ConvertJSPrimitiveToUntaggedOp12UntaggedKindE
libv8.so	_ZN2v88internal8compiler10turboshaftlsERNSt4__Cr13basic_ostreamIcNS3_11char_traitsIcEEEENS2_30ConvertJSPrimitiveToUntaggedOp16InputAssumptionsE
libv8.so	_ZN2v88internal8compiler10turboshaftlsERNSt4__Cr13basic_ostreamIcNS3_11char_traitsIcEEEENS2_30ConvertUntaggedToJSPrimitiveOp15JSPrimitiveKindE
libv8.so	_ZN2v88internal8compiler10turboshaftlsERNSt4__Cr13basic_ostreamIcNS3_11char_traitsIcEEEENS2_31TruncateJSPrimitiveToUntaggedOp12UntaggedKindE
libv8.so	_ZN2v88internal8compiler10turboshaftlsERNSt4__Cr13basic_ostreamIcNS3_11char_traitsIcEEEENS2_31TruncateJSPrimitiveToUntaggedOp16InputAssumptionsE
libv8.so	_ZN2v88internal8compiler10turboshaftlsERNSt4__Cr13basic_ostreamIcNS3_11char_traitsIcEEEENS2_32TransitionAndStoreArrayElementOp4KindE
libv8.so	_ZN2v88internal8compiler10turboshaftlsERNSt4__Cr13basic_ostreamIcNS3_11char_traitsIcEEEENS2_37ConvertJSPrimitiveToUntaggedOrDeoptOp12UntaggedKindE
libv8.so	_ZN2v88internal8compiler10turboshaftlsERNSt4__Cr13basic_ostreamIcNS3_11char_traitsIcEEEENS2_37ConvertJSPrimitiveToUntaggedOrDeoptOp15JSPrimitiveKindE
libv8.so	_ZN2v88internal8compiler10turboshaftlsERNSt4__Cr13basic_ostreamIcNS3_11char_traitsIcEEEENS2_38TruncateJSPrimitiveToUntaggedOrDeoptOp12UntaggedKindE
libv8.so	_ZN2v88internal8compiler10turboshaftlsERNSt4__Cr13basic_ostreamIcNS3_11char_traitsIcEEEENS2_7OpIndexE
libv8.so	_ZN2v88internal8compiler10turboshaftlsERNSt4__Cr13basic_ostreamIcNS3_11char_traitsIcEEEENS2_7ShiftOp4KindE
libv8.so	_ZN2v88internal8compiler10turboshaftlsERNSt4__Cr13basic_ostreamIcNS3_11char_traitsIcEEEENS2_8ChangeOp10AssumptionE
libv8.so	_ZN2v88internal8compiler10turboshaftlsERNSt4__Cr13basic_ostreamIcNS3_11char_traitsIcEEEENS2_8ChangeOp4KindE
libv8.so	_ZN2v88internal8compiler10turboshaftlsERNSt4__Cr13basic_ostreamIcNS3_11char_traitsIcEEEENS2_8SelectOp14ImplementationE
libv8.so	_ZN2v88internal8compiler10turboshaftlsERNSt4__Cr13basic_ostreamIcNS3_11char_traitsIcEEEENS2_9ConvertOp4KindE
libv8.so	_ZN2v88internal8compiler10turboshaftlsERNSt4__Cr13basic_ostreamIcNS3_11char_traitsIcEEEENS2_9OpEffectsE
libv8.so	_ZN2v88internal8compiler10turboshaftlsERNSt4__Cr13basic_ostreamIcNS3_11char_traitsIcEEEEPKNS2_5BlockE
libv8.so	_ZN2v88internal8compiler10turboshaftlsERNSt4__Cr13basic_ostreamIcNS3_11char_traitsIcEEEERKNS2_21TurboshaftGraphAsJSONE
libv8.so	_ZN2v88internal8compiler10turboshaftlsERNSt4__Cr13basic_ostreamIcNS3_11char_traitsIcEEEERKNS2_5Block4KindE
libv8.so	_ZN2v88internal8compiler10turboshaftlsERNSt4__Cr13basic_ostreamIcNS3_11char_traitsIcEEEERKNS2_5GraphE
libv8.so	_ZN2v88internal8compiler13CodeAssembler11EmitCommentENSt4__Cr12basic_stringIcNS3_11char_traitsIcEENS3_9allocatorIcEEEE
libv8.so	_ZN2v88internal8compiler13CodeAssembler13CallCFunctionEPNS1_4NodeENSt4__Cr8optionalINS0_11MachineTypeEEESt16initializer_listINS5_4pairIS7_S4_EEE
libv8.so	_ZN2v88internal8compiler13CodeAssembler14CallJSStubImplERKNS0_23CallInterfaceDescriptorENS0_5TNodeINS0_6ObjectEEES8_S8_NSt4__Cr8optionalIS8_EENS6_INS0_6Int32TEEENSA_INS6_INS0_17JSDispatchHandleTEEEEESt16initializer_listIPNS1_4NodeEE
libv8.so	_ZN2v88internal8compiler13CodeAssembler27BuiltinCompilationScheduler11CompileCodeEPNS0_7IsolateENSt4__Cr10unique_ptrINS0_22TurbofanCompilationJobENS6_14default_deleteIS8_EEEE
libv8.so	_ZN2v88internal8compiler13CodeAssembler27BuiltinCompilationScheduler8QueueJobEPNS0_7IsolateENSt4__Cr10unique_ptrINS0_22TurbofanCompilationJobENS6_14default_deleteIS8_EEEE
libv8.so	_ZN2v88internal8compiler13CodeAssembler31RegisterCallGenerationCallbacksERKNSt4__Cr8functionIFvvEEES8_
libv8.so	_ZN2v88internal8compiler13CodeAssembler37CallCFunctionWithCallerSavedRegistersEPNS1_4NodeENS0_11MachineTypeENS0_14SaveFPRegsModeESt16initializer_listINSt4__Cr4pairIS5_S4_EEE
libv8.so	_ZN2v88internal8compiler13CodeAssembler38CallCFunctionWithoutFunctionDescriptorEPNS1_4NodeENS0_11MachineTypeESt16initializer_listINSt4__Cr4pairIS5_S4_EEE
libv8.so	_ZN2v88internal8compiler13CodeAssembler6BranchENS0_5TNodeINS0_5BoolTEEEPNS1_18CodeAssemblerLabelERKNSt4__Cr8functionIFvvEEE
libv8.so	_ZN2v88internal8compiler13CodeAssembler6BranchENS0_5TNodeINS0_5BoolTEEERKNSt4__Cr8functionIFvvEEEPNS1_18CodeAssemblerLabelE
libv8.so	_ZN2v88internal8compiler13CodeAssembler6BranchENS0_5TNodeINS0_5BoolTEEERKNSt4__Cr8functionIFvvEEESB_
libv8.so	_ZN2v88internal8compiler13CodeGenerator35AssembleArchBinarySearchSwitchRangeENS0_8RegisterENS1_9RpoNumberEPNSt4__Cr4pairIiPNS0_5LabelEEESA_
libv8.so	_ZN2v88internal8compiler13CodeGeneratorC1EPNS0_4ZoneEPNS1_5FrameEPNS1_7LinkageEPNS1_19InstructionSequenceEPNS0_24OptimizedCompilationInfoEPNS0_7IsolateENSt4__Cr8optionalINS1_9OsrHelperEEEiPNS0_20JumpOptimizationInfoERKNS0_16AssemblerOptionsENS0_7BuiltinEjjPKc
libv8.so	_ZN2v88internal8compiler13CodeGeneratorC2EPNS0_4ZoneEPNS1_5FrameEPNS1_7LinkageEPNS1_19InstructionSequenceEPNS0_24OptimizedCompilationInfoEPNS0_7IsolateENSt4__Cr8optionalINS1_9OsrHelperEEEiPNS0_20JumpOptimizationInfoERKNS0_16AssemblerOptionsENS0_7BuiltinEjjPKc
libv8.so	_ZN2v88internal8compiler14GraphAssemblerC1EPNS1_12MachineGraphEPNS0_4ZoneENS1_15BranchSemanticsENSt4__Cr8optionalINS8_8functionIFvPNS1_4NodeEEEEEEb
libv8.so	_ZN2v88internal8compiler14GraphAssemblerC2EPNS1_12MachineGraphEPNS0_4ZoneENS1_15BranchSemanticsENSt4__Cr8optionalINS8_8functionIFvPNS1_4NodeEEEEEEb
libv8.so	_ZN2v88internal8compiler15LoadElimination13AbstractState11FieldsMergeEPNSt4__Cr5arrayIPKNS2_13AbstractFieldELj32EEERKS9_PNS0_4ZoneE
libv8.so	_ZN2v88internal8compiler16JSCreateLowering14ReduceNewArrayEPNS1_4NodeENSt4__Cr6vectorIS4_NS5_9allocatorIS4_EEEENS1_6MapRefENS0_12ElementsKindENS0_14AllocationTypeERKNS1_23SlackTrackingPredictionERKNS1_14FeedbackSourceE
libv8.so	_ZN2v88internal8compiler16JSCreateLowering16AllocateElementsEPNS1_4NodeES4_NS0_12ElementsKindERKNSt4__Cr6vectorIS4_NS6_9allocatorIS4_EEEENS0_14AllocationTypeE
libv8.so	_ZN2v88internal8compiler16JSGraphAssembler14JSCallRuntime1ENS0_7Runtime10FunctionIdENS0_5TNodeINS0_6ObjectEEENS5_INS0_7ContextEEENSt4__Cr8optionalINS1_10FrameStateEEENS_4base5FlagsINS1_8Operator8PropertyEhhEE
libv8.so	_ZN2v88internal8compiler16JSGraphAssembler16TypedArrayLengthENS0_5TNodeINS0_12JSTypedArrayEEENSt4__Cr3setINS0_12ElementsKindENS6_4lessIS8_EENS6_9allocatorIS8_EEEENS3_INS0_7ContextEEE
libv8.so	_ZN2v88internal8compiler16JSGraphAssembler25ArrayBufferViewByteLengthENS0_5TNodeINS0_17JSArrayBufferViewEEENS0_12InstanceTypeENSt4__Cr3setINS0_12ElementsKindENS7_4lessIS9_EENS7_9allocatorIS9_EEEENS3_INS0_7ContextEEE
libv8.so	_ZN2v88internal8compiler16JSGraphAssembler41CheckIfTypedArrayWasDetachedOrOutOfBoundsENS0_5TNodeINS0_12JSTypedArrayEEENSt4__Cr3setINS0_12ElementsKindENS6_4lessIS8_EENS6_9allocatorIS8_EEEERKNS1_14FeedbackSourceE
libv8.so	_ZN2v88internal8compiler16StateValuesCache20FillBufferWithValuesEPNSt4__Cr5arrayIPNS1_4NodeELj8EEEPjS9_PS6_jPKNS1_21BytecodeLivenessStateE
libv8.so	_ZN2v88internal8compiler19RawMachineAssembler13CallCFunctionEPNS1_4NodeENSt4__Cr8optionalINS0_11MachineTypeEEESt16initializer_listINS5_4pairIS7_S4_EEE
libv8.so	_ZN2v88internal8compiler19RawMachineAssembler26CreateNodeFromPredecessorsERKNSt4__Cr6vectorIPNS1_10BasicBlockENS3_9allocatorIS6_EEEERKNS4_IPNS1_4NodeENS7_ISD_EEEEPKNS1_8OperatorESH_
libv8.so	_ZN2v88internal8compiler19RawMachineAssembler32SetCurrentExternalSourcePositionENSt4__Cr4pairIPKciEE
libv8.so	_ZN2v88internal8compiler19RawMachineAssembler37CallCFunctionWithCallerSavedRegistersEPNS1_4NodeENS0_11MachineTypeENS0_14SaveFPRegsModeESt16initializer_listINSt4__Cr4pairIS5_S4_EEE
libv8.so	_ZN2v88internal8compiler19RawMachineAssembler38CallCFunctionWithoutFunctionDescriptorEPNS1_4NodeENS0_11MachineTypeESt16initializer_listINSt4__Cr4pairIS5_S4_EEE
libv8.so	_ZN2v88internal8compiler19RawMachineAssembler7CommentERKNSt4__Cr12basic_stringIcNS3_11char_traitsIcEENS3_9allocatorIcEEEE
libv8.so	_ZN2v88internal8compiler21CommonOperatorBuilder14SLVerifierHintEPKNS1_8OperatorERKNSt4__Cr8optionalINS1_4TypeEEE
libv8.so	_ZN2v88internal8compiler24WasmAddressReassociation13CreateNewBaseERKNSt4__Cr5tupleIJjjjEEE
libv8.so	_ZN2v88internal8compiler27CodeAssemblerCompilationJob16NewJobForTestingEPNS0_7IsolateENS0_7BuiltinENSt4__Cr8functionIFvPNS1_18CodeAssemblerStateEEEENS7_IFvS5_NS0_6HandleINS0_4CodeEEEEEENS7_IFPNS1_14CallDescriptorEPNS0_4ZoneEEEENS0_8CodeKindEPKc
libv8.so	_ZN2v88internal8compilerlsERNSt4__Cr13basic_ostreamIcNS2_11char_traitsIcEEEENS1_12ScopeInfoRefE
libv8.so	_ZN2v88internal8compilerlsERNSt4__Cr13basic_ostreamIcNS2_11char_traitsIcEEEENS1_14BaseTaggednessE
libv8.so	_ZN2v88internal8compilerlsERNSt4__Cr13basic_ostreamIcNS2_11char_traitsIcEEEENS1_15BranchSemanticsE
libv8.so	_ZN2v88internal8compilerlsERNSt4__Cr13basic_ostreamIcNS2_11char_traitsIcEEEENS1_16MemoryAccessKindE
libv8.so	_ZN2v88internal8compilerlsERNSt4__Cr13basic_ostreamIcNS2_11char_traitsIcEEEENS1_18AllocateParametersE
libv8.so	_ZN2v88internal8compilerlsERNSt4__Cr13basic_ostreamIcNS2_11char_traitsIcEEEENS1_18AtomicOpParametersE
libv8.so	_ZN2v88internal8compilerlsERNSt4__Cr13basic_ostreamIcNS2_11char_traitsIcEEEENS1_18LoadLaneParametersE
libv8.so	_ZN2v88internal8compilerlsERNSt4__Cr13basic_ostreamIcNS2_11char_traitsIcEEEENS1_18LoadTransformationE
libv8.so	_ZN2v88internal8compilerlsERNSt4__Cr13basic_ostreamIcNS2_11char_traitsIcEEEENS1_19BigIntOperationHintE
libv8.so	_ZN2v88internal8compilerlsERNSt4__Cr13basic_ostreamIcNS2_11char_traitsIcEEEENS1_19NumberOperationHintE
libv8.so	_ZN2v88internal8compilerlsERNSt4__Cr13basic_ostreamIcNS2_11char_traitsIcEEEENS1_19StoreLaneParametersE
libv8.so	_ZN2v88internal8compilerlsERNSt4__Cr13basic_ostreamIcNS2_11char_traitsIcEEEENS1_19StoreRepresentationE
libv8.so	_ZN2v88internal8compilerlsERNSt4__Cr13basic_ostreamIcNS2_11char_traitsIcEEEENS1_20AtomicLoadParametersE
libv8.so	_ZN2v88internal8compilerlsERNSt4__Cr13basic_ostreamIcNS2_11char_traitsIcEEEENS1_20CheckTaggedInputModeE
libv8.so	_ZN2v88internal8compilerlsERNSt4__Cr13basic_ostreamIcNS2_11char_traitsIcEEEENS1_21AtomicStoreParametersE
libv8.so	_ZN2v88internal8compilerlsERNSt4__Cr13basic_ostreamIcNS2_11char_traitsIcEEEENS1_23LoadTransformParametersE
libv8.so	_ZN2v88internal8compilerlsERNSt4__Cr13basic_ostreamIcNS2_11char_traitsIcEEEENS1_23StackSlotRepresentationE
libv8.so	_ZN2v88internal8compilerlsERNSt4__Cr13basic_ostreamIcNS2_11char_traitsIcEEEENS1_4TypeE
libv8.so	_ZN2v88internal8compilerlsERNSt4__Cr13basic_ostreamIcNS2_11char_traitsIcEEEENS1_8IrOpcode5ValueE
libv8.so	_ZN2v88internal8compilerlsERNSt4__Cr13basic_ostreamIcNS2_11char_traitsIcEEEENS1_9ShiftKindE
libv8.so	_ZN2v88internal8compilerlsERNSt4__Cr13basic_ostreamIcNS2_11char_traitsIcEEEERKNS1_10ArchOpcodeE
libv8.so	_ZN2v88internal8compilerlsERNSt4__Cr13basic_ostreamIcNS2_11char_traitsIcEEEERKNS1_11FieldAccessE
libv8.so	_ZN2v88internal8compilerlsERNSt4__Cr13basic_ostreamIcNS2_11char_traitsIcEEEERKNS1_11GraphAsJSONE
libv8.so	_ZN2v88internal8compilerlsERNSt4__Cr13basic_ostreamIcNS2_11char_traitsIcEEEERKNS1_12MoveOperandsE
libv8.so	_ZN2v88internal8compilerlsERNSt4__Cr13basic_ostreamIcNS2_11char_traitsIcEEEERKNS1_12ObjectAccessE
libv8.so	_ZN2v88internal8compilerlsERNSt4__Cr13basic_ostreamIcNS2_11char_traitsIcEEEERKNS1_13ContextAccessE
libv8.so	_ZN2v88internal8compilerlsERNSt4__Cr13basic_ostreamIcNS2_11char_traitsIcEEEERKNS1_13ElementAccessE
libv8.so	_ZN2v88internal8compilerlsERNSt4__Cr13basic_ostreamIcNS2_11char_traitsIcEEEERKNS1_13WasmFieldInfoE
libv8.so	_ZN2v88internal8compilerlsERNSt4__Cr13basic_ostreamIcNS2_11char_traitsIcEEEERKNS1_14AddressingModeE
libv8.so	_ZN2v88internal8compilerlsERNSt4__Cr13basic_ostreamIcNS2_11char_traitsIcEEEERKNS1_14CallDescriptor4KindE
libv8.so	_ZN2v88internal8compilerlsERNSt4__Cr13basic_ostreamIcNS2_11char_traitsIcEEEERKNS1_14ConstFieldInfoE
libv8.so	_ZN2v88internal8compilerlsERNSt4__Cr13basic_ostreamIcNS2_11char_traitsIcEEEERKNS1_14FeedbackSourceE
libv8.so	_ZN2v88internal8compilerlsERNSt4__Cr13basic_ostreamIcNS2_11char_traitsIcEEEERKNS1_14FlagsConditionE
libv8.so	_ZN2v88internal8compilerlsERNSt4__Cr13basic_ostreamIcNS2_11char_traitsIcEEEERKNS1_14PropertyAccessE
libv8.so	_ZN2v88internal8compilerlsERNSt4__Cr13basic_ostreamIcNS2_11char_traitsIcEEEERKNS1_15WasmElementInfoE
libv8.so	_ZN2v88internal8compilerlsERNSt4__Cr13basic_ostreamIcNS2_11char_traitsIcEEEERKNS1_17IfValueParametersE
libv8.so	_ZN2v88internal8compilerlsERNSt4__Cr13basic_ostreamIcNS2_11char_traitsIcEEEERKNS1_19InstructionSequenceE
libv8.so	_ZN2v88internal8compilerlsERNSt4__Cr13basic_ostreamIcNS2_11char_traitsIcEEEERKNS1_20JSWasmCallParametersE
libv8.so	_ZN2v88internal8compilerlsERNSt4__Cr13basic_ostreamIcNS2_11char_traitsIcEEEERKNS1_21FastApiCallParametersE
libv8.so	_ZN2v88internal8compilerlsERNSt4__Cr13basic_ostreamIcNS2_11char_traitsIcEEEERKNS1_22EmbeddedFeedbackSourceE
libv8.so	_ZN2v88internal8compilerlsERNSt4__Cr13basic_ostreamIcNS2_11char_traitsIcEEEERKNS1_23AssertNotNullParametersE
libv8.so	_ZN2v88internal8compilerlsERNSt4__Cr13basic_ostreamIcNS2_11char_traitsIcEEEERKNS1_24CheckMinusZeroParametersE
libv8.so	_ZN2v88internal8compilerlsERNSt4__Cr13basic_ostreamIcNS2_11char_traitsIcEEEERKNS1_24SLVerifierHintParametersE
libv8.so	_ZN2v88internal8compilerlsERNSt4__Cr13basic_ostreamIcNS2_11char_traitsIcEEEERKNS1_25BigIntOperationParametersE
libv8.so	_ZN2v88internal8compilerlsERNSt4__Cr13basic_ostreamIcNS2_11char_traitsIcEEEERKNS1_25NumberOperationParametersE
libv8.so	_ZN2v88internal8compilerlsERNSt4__Cr13basic_ostreamIcNS2_11char_traitsIcEEEERKNS1_26ExitMachineGraphParametersE
libv8.so	_ZN2v88internal8compilerlsERNSt4__Cr13basic_ostreamIcNS2_11char_traitsIcEEEERKNS1_30SpeculativeBigIntAsNParametersE
libv8.so	_ZN2v88internal8compilerlsERNSt4__Cr13basic_ostreamIcNS2_11char_traitsIcEEEERKNS1_5AsRPOE
libv8.so	_ZN2v88internal8compilerlsERNSt4__Cr13basic_ostreamIcNS2_11char_traitsIcEEEERKNS1_8OperatorE
libv8.so	_ZN2v88internal8compilerlsERNSt4__Cr13basic_ostreamIcNS2_11char_traitsIcEEEERKNS1_8ScheduleE
libv8.so	_ZN2v88internal8compilerlsERNSt4__Cr13basic_ostreamIcNS2_11char_traitsIcEEEERKNS1_9FlagsModeE
libv8.so	_ZN2v88internal8compilerlsERNSt4__Cr13basic_ostreamIcNS2_11char_traitsIcEEEERKNS1_9RpoNumberE
libv8.so	_ZN2v88internal9AssemblerC1ERKNS0_16AssemblerOptionsENSt4__Cr10unique_ptrINS0_15AssemblerBufferENS5_14default_deleteIS7_EEEE
libv8.so	_ZN2v88internal9AssemblerC2ERKNS0_16AssemblerOptionsENSt4__Cr10unique_ptrINS0_15AssemblerBufferENS5_14default_deleteIS7_EEEE
libv8.so	_ZN2v88internal9FieldType7PrintToENS0_6TaggedIS1_EERNSt4__Cr13basic_ostreamIcNS4_11char_traitsIcEEEE
libv8.so	_ZN2v88internal9LocalHeap23AttachPersistentHandlesENSt4__Cr10unique_ptrINS0_17PersistentHandlesENS2_14default_deleteIS4_EEEE
libv8.so	_ZN2v88internal9LocalHeapC1EPNS0_4HeapENS0_10ThreadKindENSt4__Cr10unique_ptrINS0_17PersistentHandlesENS5_14default_deleteIS7_EEEE
libv8.so	_ZN2v88internal9LocalHeapC2EPNS0_4HeapENS0_10ThreadKindENSt4__Cr10unique_ptrINS0_17PersistentHandlesENS5_14default_deleteIS7_EEEE
libv8.so	_ZN2v88internal9ParseInfo20set_character_streamENSt4__Cr10unique_ptrINS0_20Utf16CharacterStreamENS2_14default_deleteIS4_EEEE
libv8.so	_ZN2v88internallsERNSt4__Cr13basic_ostreamIcNS1_11char_traitsIcEEEENS0_10BranchHintE
libv8.so	_ZN2v88internallsERNSt4__Cr13basic_ostreamIcNS1_11char_traitsIcEEEENS0_11AbortReasonE
libv8.so	_ZN2v88internallsERNSt4__Cr13basic_ostreamIcNS1_11char_traitsIcEEEENS0_11MachineTypeE
libv8.so	_ZN2v88internallsERNSt4__Cr13basic_ostreamIcNS1_11char_traitsIcEEEENS0_12ElementsKindE
libv8.so	_ZN2v88internallsERNSt4__Cr13basic_ostreamIcNS1_11char_traitsIcEEEENS0_12FeedbackSlotE
libv8.so	_ZN2v88internallsERNSt4__Cr13basic_ostreamIcNS1_11char_traitsIcEEEENS0_12InstanceTypeE
libv8.so	_ZN2v88internallsERNSt4__Cr13basic_ostreamIcNS1_11char_traitsIcEEEENS0_14BytecodeOffsetE
libv8.so	_ZN2v88internallsERNSt4__Cr13basic_ostreamIcNS1_11char_traitsIcEEEENS0_16DeoptimizeReasonE
libv8.so	_ZN2v88internallsERNSt4__Cr13basic_ostreamIcNS1_11char_traitsIcEEEENS0_16FeedbackSlotKindE
libv8.so	_ZN2v88internallsERNSt4__Cr13basic_ostreamIcNS1_11char_traitsIcEEEENS0_16PropertyCellTypeE
libv8.so	_ZN2v88internallsERNSt4__Cr13basic_ostreamIcNS1_11char_traitsIcEEEENS0_17ExternalReferenceE
libv8.so	_ZN2v88internallsERNSt4__Cr13basic_ostreamIcNS1_11char_traitsIcEEEENS0_17PropertyConstnessE
libv8.so	_ZN2v88internallsERNSt4__Cr13basic_ostreamIcNS1_11char_traitsIcEEEENS0_21MachineRepresentationE
libv8.so	_ZN2v88internallsERNSt4__Cr13basic_ostreamIcNS1_11char_traitsIcEEEENS0_6Object10ConversionE
libv8.so	_ZN2v88internallsERNSt4__Cr13basic_ostreamIcNS1_11char_traitsIcEEEENS0_6TaggedINS0_6ObjectEEE
libv8.so	_ZN2v88internallsERNSt4__Cr13basic_ostreamIcNS1_11char_traitsIcEEEENS0_7Runtime10FunctionIdE
libv8.so	_ZN2v88internallsERNSt4__Cr13basic_ostreamIcNS1_11char_traitsIcEEEERKNS0_10AsHexBytesE
libv8.so	_ZN2v88internallsERNSt4__Cr13basic_ostreamIcNS1_11char_traitsIcEEEERKNS0_14RepresentationE
libv8.so	_ZN2v88internallsERNSt4__Cr13basic_ostreamIcNS1_11char_traitsIcEEEERKNS0_18PropertyAttributesE
libv8.so	_ZN2v88internallsERNSt4__Cr13basic_ostreamIcNS1_11char_traitsIcEEEERKNS0_20AsEscapedUC16ForJSONE
libv8.so	_ZN2v88internallsERNSt4__Cr13basic_ostreamIcNS1_11char_traitsIcEEEERKNS0_5AsHexE
libv8.so	_ZN2v88internallsERNSt4__Cr13basic_ostreamIcNS1_11char_traitsIcEEEERKNS0_5BriefE
libv8.so	_ZN5cppgc4Heap6CreateENSt4__Cr10shared_ptrINS_8PlatformEEENS0_11HeapOptionsE
libv8.so	_ZN5cppgc8internal11GCInfoTable17RegisterNewGCInfoERNSt4__Cr6atomicItEERKNS0_6GCInfoE
libv8.so	_ZN5cppgc8internal19MarkingVerifierBase3RunENS_18EmbedderStackStateENSt4__Cr8optionalIjEE
libv8.so	_ZN5cppgc8internal19MarkingVerifierBaseC1ERNS0_8HeapBaseENS0_14CollectionTypeERNS0_17VerificationStateENSt4__Cr10unique_ptrINS_7VisitorENS7_14default_deleteIS9_EEEE
libv8.so	_ZN5cppgc8internal19MarkingVerifierBaseC2ERNS0_8HeapBaseENS0_14CollectionTypeERNS0_17VerificationStateENSt4__Cr10unique_ptrINS_7VisitorENS7_14default_deleteIS9_EEEE
libv8.so	_ZN5cppgc8internal22EnsureGCInfoIndexTrait17EnsureGCInfoIndexERNSt4__Cr6atomicItEEPFvPNS_7VisitorEPKvEPFNS0_14HeapObjectNameES9_NS0_30HeapObjectNameForUnnamedObjectEE
libv8.so	_ZN5cppgc8internal23FatalOutOfMemoryHandler16SetCustomHandlerEPFvRKNSt4__Cr12basic_stringIcNS2_11char_traitsIcEENS2_9allocatorIcEEEEN2v814SourceLocationEPNS0_8HeapBaseEE
libv8.so	_ZN5cppgc8internal4HeapC1ENSt4__Cr10shared_ptrINS_8PlatformEEENS_4Heap11HeapOptionsE
libv8.so	_ZN5cppgc8internal4HeapC2ENSt4__Cr10shared_ptrINS_8PlatformEEENS_4Heap11HeapOptionsE
libv8.so	_ZN5cppgc8internal5FatalERKNSt4__Cr12basic_stringIcNS1_11char_traitsIcEENS1_9allocatorIcEEEEN2v814SourceLocationE
libv8.so	_ZN5cppgc8internal7RawHeapC1EPNS0_8HeapBaseERKNSt4__Cr6vectorINS4_10unique_ptrINS_15CustomSpaceBaseENS4_14default_deleteIS7_EEEENS4_9allocatorISA_EEEE
libv8.so	_ZN5cppgc8internal7RawHeapC2EPNS0_8HeapBaseERKNSt4__Cr6vectorINS4_10unique_ptrINS_15CustomSpaceBaseENS4_14default_deleteIS7_EEEENS4_9allocatorISA_EEEE
libv8.so	_ZN5cppgc8internal8HeapBaseC2ENSt4__Cr10shared_ptrINS_8PlatformEEERKNS2_6vectorINS2_10unique_ptrINS_15CustomSpaceBaseENS2_14default_deleteIS8_EEEENS2_9allocatorISB_EEEENS_4Heap12StackSupportENSH_11MarkingTypeENSH_12SweepingTypeERNS0_16GarbageCollectorE
libv8.so	_ZN7unibrow4Wtf817ScanForSurrogatesEN2v84base6VectorIKhEEPNSt4__Cr6vectorIjNS6_9allocatorIjEEEE
libv8.so	_ZNK2v85debug6Script22GetPossibleBreakpointsERKNS0_8LocationES4_bPNSt4__Cr6vectorINS0_13BreakLocationENS5_9allocatorIS7_EEEE
libv8.so	_ZNK2v87tracing11TracedValue19AppendAsTraceFormatEPNSt4__Cr12basic_stringIcNS2_11char_traitsIcEENS2_9allocatorIcEEEE
libv8.so	_ZNK2v88internal11interpreter12BytecodeNode5PrintERNSt4__Cr13basic_ostreamIcNS3_11char_traitsIcEEEE
libv8.so	_ZNK2v88internal11interpreter21BytecodeArrayIterator22PrintCurrentBytecodeToERNSt4__Cr13basic_ostreamIcNS3_11char_traitsIcEEEE
libv8.so	_ZNK2v88internal13FeedbackNexus22ExtractMapsAndHandlersEPNS0_15MapsAndHandlersENSt4__Cr8functionIFNS0_11MaybeHandleINS0_3MapEEENS0_6HandleIS7_EEEEE
libv8.so	_ZNK2v88internal13ScopeIterator10VisitScopeERKNSt4__Cr8functionIFbNS0_6HandleINS0_6StringEEENS4_INS0_6ObjectEEENS1_9ScopeTypeEEEENS1_4ModeE
libv8.so	_ZNK2v88internal13ScopeIterator11VisitLocalsERKNSt4__Cr8functionIFbNS0_6HandleINS0_6StringEEENS4_INS0_6ObjectEEENS1_9ScopeTypeEEEENS1_4ModeES9_
libv8.so	_ZNK2v88internal13ScopeIterator15VisitLocalScopeERKNSt4__Cr8functionIFbNS0_6HandleINS0_6StringEEENS4_INS0_6ObjectEEENS1_9ScopeTypeEEEENS1_4ModeES9_
libv8.so	_ZNK2v88internal13ScopeIterator16VisitModuleScopeERKNSt4__Cr8functionIFbNS0_6HandleINS0_6StringEEENS4_INS0_6ObjectEEENS1_9ScopeTypeEEEE
libv8.so	_ZNK2v88internal13ScopeIterator16VisitScriptScopeERKNSt4__Cr8functionIFbNS0_6HandleINS0_6StringEEENS4_INS0_6ObjectEEENS1_9ScopeTypeEEEE
libv8.so	_ZNK2v88internal13ScopeIterator18VisitContextLocalsERKNSt4__Cr8functionIFbNS0_6HandleINS0_6StringEEENS4_INS0_6ObjectEEENS1_9ScopeTypeEEEENS0_12DirectHandleINS0_9ScopeInfoEEENSE_INS0_7ContextEEES9_
libv8.so	_ZNK2v88internal4wasm8WasmCode11DisassembleEPKcRNSt4__Cr13basic_ostreamIcNS5_11char_traitsIcEEEEj
libv8.so	_ZNK2v88internal6Script27GetPositionInfoWithLineEndsEiPNS1_12PositionInfoERKNS_4base11SmallVectorIiLj32ENSt4__Cr9allocatorIiEEEENS1_10OffsetFlagE
libv8.so	_ZNK2v88internal8compiler10turboshaft12FrameStateOp12PrintOptionsERNSt4__Cr13basic_ostreamIcNS4_11char_traitsIcEEEE
libv8.so	_ZNK2v88internal8compiler10turboshaft4Type7PrintToERNSt4__Cr13basic_ostreamIcNS4_11char_traitsIcEEEE
libv8.so	_ZNK2v88internal8compiler10turboshaft8WordTypeILj32EE7PrintToERNSt4__Cr13basic_ostreamIcNS5_11char_traitsIcEEEE
libv8.so	_ZNK2v88internal8compiler10turboshaft8WordTypeILj64EE7PrintToERNSt4__Cr13basic_ostreamIcNS5_11char_traitsIcEEEE
libv8.so	_ZNK2v88internal8compiler10turboshaft9FloatTypeILj32EE7PrintToERNSt4__Cr13basic_ostreamIcNS5_11char_traitsIcEEEE
libv8.so	_ZNK2v88internal8compiler10turboshaft9FloatTypeILj64EE7PrintToERNSt4__Cr13basic_ostreamIcNS5_11char_traitsIcEEEE
libv8.so	_ZNK2v88internal8compiler15LoadElimination13AbstractState12FieldsEqualsERKNSt4__Cr5arrayIPKNS2_13AbstractFieldELj32EEESB_
libv8.so	_ZNK2v88internal8compiler15NodeOriginTable9PrintJsonERNSt4__Cr13basic_ostreamIcNS3_11char_traitsIcEEEE
libv8.so	_ZNK2v88internal8compiler16BytecodeAnalysis20BytecodeAnalysisImpl15PrintLivenessToERNSt4__Cr13basic_ostreamIcNS4_11char_traitsIcEEEE
libv8.so	_ZNK2v88internal8compiler19SourcePositionTable9PrintJsonERNSt4__Cr13basic_ostreamIcNS3_11char_traitsIcEEEE
libv8.so	_ZNK2v88internal8compiler24WasmAddressReassociation17ShouldTryOptimizeERKNSt4__Cr5tupleIJjjjEEE
libv8.so	_ZNK2v88internal8compiler24WasmAddressReassociation20HasCandidateBaseAddrERKNSt4__Cr5tupleIJjjjEEE
libv8.so	_ZNK2v88internal8compiler4Node5PrintERNSt4__Cr13basic_ostreamIcNS3_11char_traitsIcEEEEi
libv8.so	_ZNK2v88internal8compiler4Type7PrintToERNSt4__Cr13basic_ostreamIcNS3_11char_traitsIcEEEE
libv8.so	_ZNK2v88internal8compiler8Operator11PrintToImplERNSt4__Cr13basic_ostreamIcNS3_11char_traitsIcEEEENS2_14PrintVerbosityE
libv8.so	_ZNK2v88internal8compiler8Operator12PrintPropsToERNSt4__Cr13basic_ostreamIcNS3_11char_traitsIcEEEE
libv8.so	_ZNK5cppgc8internal23FatalOutOfMemoryHandlerclERKNSt4__Cr12basic_stringIcNS2_11char_traitsIcEENS2_9allocatorIcEEEEN2v814SourceLocationE
libv8.so	_ZTCN2v88internal8OFStreamE0_NSt4__Cr13basic_ostreamIcNS2_11char_traitsIcEEEE
libv8.so	_ZTCN2v88internal8compiler13TurboJsonFileE0_NSt4__Cr13basic_ostreamIcNS3_11char_traitsIcEEEE
libv8.so	_ZTCN2v88internal8compiler13TurboJsonFileE0_NSt4__Cr14basic_ofstreamIcNS3_11char_traitsIcEEEE
