libchromium-ewk.so	ld-linux.so.3
libchromium-ewk.so	libc.so.6
libchromium-ewk.so	libdlog.so.0
libchromium-ewk.so	libgcc_s.so.1
libchromium-impl.so	ld-linux.so.3
libchromium-impl.so	libappcore-watch.so.1
libchromium-impl.so	libappsvc.so.0
libchromium-impl.so	libatk-1.0.so.0
libchromium-impl.so	libatk-bridge-2.0.so.0
libchromium-impl.so	libatspi.so.0
libchromium-impl.so	libaul.so.0
libchromium-impl.so	libbrotlidec.so.1
libchromium-impl.so	libbundle.so.0
libchromium-impl.so	libc.so.6
libchromium-impl.so	libcapi-appfw-app-common.so.0
libchromium-impl.so	libcapi-appfw-app-control.so.0
libchromium-impl.so	libcapi-appfw-app-manager.so.0
libchromium-impl.so	libcapi-appfw-application.so.0
libchromium-impl.so	libcapi-base-common.so.0
libchromium-impl.so	libcapi-media-camera.so.0
libchromium-impl.so	libcapi-media-sound-manager.so.0
libchromium-impl.so	libcapi-media-tool.so.0
libchromium-impl.so	libcapi-system-device.so.0
libchromium-impl.so	libcapi-system-info.so.0
libchromium-impl.so	libcapi-system-sensor.so.0
libchromium-impl.so	libcapi-ui-inputmethod.so.0
libchromium-impl.so	libcynara-client.so.0
libchromium-impl.so	libcynara-creds-pid.so.0
libchromium-impl.so	libcynara-creds-self.so.0
libchromium-impl.so	libdbus-1.so.3
libchromium-impl.so	libdlog.so.0
libchromium-impl.so	libecore.so.1
libchromium-impl.so	libecore_evas.so.1
libchromium-impl.so	libecore_imf.so.1
libchromium-impl.so	libecore_input.so.1
libchromium-impl.so	libecore_wl2.so.1
libchromium-impl.so	libedje.so.1
libchromium-impl.so	libefl-extension.so.0
libchromium-impl.so	libeina.so.1
libchromium-impl.so	libeldbus.so.1
libchromium-impl.so	libelementary.so.1
libchromium-impl.so	libesplusplayer.so
libchromium-impl.so	libevas.so.1
libchromium-impl.so	libfontconfig.so.1
libchromium-impl.so	libfreetype.so.6
libchromium-impl.so	libgcc_s.so.1
libchromium-impl.so	libglib-2.0.so.0
libchromium-impl.so	libgobject-2.0.so.0
libchromium-impl.so	liblaunchpad.so.0
libchromium-impl.so	libm.so.6
libchromium-impl.so	libminizip.so.1
libchromium-impl.so	libnode.so
libchromium-impl.so	libnspr4.so
libchromium-impl.so	libnss3.so
libchromium-impl.so	libnssutil3.so
libchromium-impl.so	libopus.so.0
libchromium-impl.so	libpkgmgr-info.so.0
libchromium-impl.so	libpng16.so.16
libchromium-impl.so	libsecurity-manager-client.so.3
libchromium-impl.so	libsmime3.so
libchromium-impl.so	libsqlite3.so.0
libchromium-impl.so	libtbm.so.1
libchromium-impl.so	libtizen-extension-client.so.0
libchromium-impl.so	libtzplatform-config-2.0.so.2
libchromium-impl.so	libudev.so.1
libchromium-impl.so	libv8.so
libchromium-impl.so	libvconf.so.0
libchromium-impl.so	libvpx.so.7
libchromium-impl.so	libwayland-client.so.0
libchromium-impl.so	libwebappenc.so.1
libchromium-impl.so	libwebp.so.7
libchromium-impl.so	libwebpdemux.so.2
libchromium-impl.so	libwebpmux.so.3
libchromium-impl.so	libwrt-c++wrapper.so
libchromium-impl.so	libxml2.so.16
libchromium-impl.so	libxslt.so.1
libchromium-impl.so	libz.so.1
libnode-runtime.so	ld-linux.so.3
libnode-runtime.so	libapp-core-cpp.so.1
libnode-runtime.so	libatomic.so.1
libnode-runtime.so	libaul.so.0
libnode-runtime.so	libbundle.so.0
libnode-runtime.so	libc.so.6
libnode-runtime.so	libcapi-appfw-app-common.so.0
libnode-runtime.so	libcapi-appfw-app-control-uri.so.0
libnode-runtime.so	libcapi-appfw-app-control.so.0
libnode-runtime.so	libcapi-appfw-application.so.0
libnode-runtime.so	libcapi-base-common.so.0
libnode-runtime.so	libdl.so.2
libnode-runtime.so	libdlog.so.0
libnode-runtime.so	libecore.so.1
libnode-runtime.so	libecore_con.so.1
libnode-runtime.so	libecore_evas.so.1
libnode-runtime.so	libecore_file.so.1
libnode-runtime.so	libecore_imf.so.1
libnode-runtime.so	libecore_input.so.1
libnode-runtime.so	libecore_wl2.so.1
libnode-runtime.so	libector.so.1
libnode-runtime.so	libedje.so.1
libnode-runtime.so	libeet.so.1
libnode-runtime.so	libefl-extension.so.0
libnode-runtime.so	libefl.so.1
libnode-runtime.so	libefreet.so.1
libnode-runtime.so	libeina.so.1
libnode-runtime.so	libeio.so.1
libnode-runtime.so	libeldbus.so.1
libnode-runtime.so	libelementary.so.1
libnode-runtime.so	libemile.so.1
libnode-runtime.so	libemotion.so.1
libnode-runtime.so	libeo.so.1
libnode-runtime.so	libethumb.so.1
libnode-runtime.so	libethumb_client.so.1
libnode-runtime.so	libevas.so.1
libnode-runtime.so	libgcc_s.so.1
libnode-runtime.so	libglib-2.0.so.0
libnode-runtime.so	libjsoncpp.so.26
libnode-runtime.so	liblua.so.5.1
libnode-runtime.so	libm.so.6
libnode-runtime.so	libmanifest-parser.so.1
libnode-runtime.so	libnode.so
libnode-runtime.so	libpthread.so.0
libnode-runtime.so	librt.so.1
libnode-runtime.so	libtzplatform-config-2.0.so.2
libnode-runtime.so	libv8.so
libnode-runtime.so	libvconf.so.0
libnode-runtime.so	libwgt-manifest-handlers.so.1
libnode-runtime.so	libxdgmime.so.1
libnode-runtime.so	libxml2.so.16
libnode-runtime.so	libz.so.1
libnode.so	ld-linux.so.3
libnode.so	libbrotlidec.so.1
libnode.so	libbrotlienc.so.1
libnode.so	libc.so.6
libnode.so	libdlog.so.0
libnode.so	libgcc_s.so.1
libnode.so	libm.so.6
libnode.so	libv8.so
libnode.so	libz.so.1
libsplash_screen_plugin.so	ld-linux.so.3
libsplash_screen_plugin.so	libatomic.so.1
libsplash_screen_plugin.so	libc.so.6
libsplash_screen_plugin.so	libdl.so.2
libsplash_screen_plugin.so	libdlog.so.0
libsplash_screen_plugin.so	libgcc_s.so.1
libsplash_screen_plugin.so	libm.so.6
libsplash_screen_plugin.so	libpthread.so.0
libsplash_screen_plugin.so	librt.so.1
libv8.so	ld-linux.so.3
libv8.so	libatomic.so.1
libv8.so	libc.so.6
libv8.so	libdl.so.2
libv8.so	libdlog.so.0
libv8.so	libgcc_s.so.1
libv8.so	libm.so.6
libv8.so	libpthread.so.0
libv8.so	librt.so.1
libv8.so	libz.so.1
libwidget_plugin.so	ld-linux.so.3
libwidget_plugin.so	libatomic.so.1
libwidget_plugin.so	libc.so.6
libwidget_plugin.so	libdl.so.2
libwidget_plugin.so	libdlog.so.0
libwidget_plugin.so	libgcc_s.so.1
libwidget_plugin.so	libm.so.6
libwidget_plugin.so	libpthread.so.0
libwidget_plugin.so	librt.so.1
libwrt-c++wrapper.so	libc.so.6
libwrt-c++wrapper.so	libgcc_s.so.1
libwrt-c++wrapper.so	libmanifest-parser.so.1
libwrt-c++wrapper.so	libstdc++.so.6
libwrt-c++wrapper.so	libwgt-manifest-handlers.so.1
libwrt-c++wrapper.so	libxml2.so.16
libwrt-service-override.so	ld-linux.so.3
libwrt-service-override.so	libatomic.so.1
libwrt-service-override.so	libc.so.6
libwrt-service-override.so	libdl.so.2
libwrt-service-override.so	libdlog.so.0
libwrt-service-override.so	libgcc_s.so.1
libwrt-service-override.so	libm.so.6
libwrt-service-override.so	libpthread.so.0
libwrt-service-override.so	librt.so.1
