defined	libnode.so	_ZN4node20SnapshotDeserializer4ReadINS_10AsyncHooks13SerializeInfoETnPNSt4__Cr9enable_ifIXntsr3std7is_sameIT_NS4_12basic_stringIcNS4_11char_traitsIcEENS4_9allocatorIcEEEEEE5valueEvE4typeELPv0ETnPNS5_IXntsr3std13is_arithmeticIS6_EE5valueEvE4typeELSG_0EEES6_v
defined	libnode.so	_ZN4node20SnapshotDeserializer4ReadINS_8builtins13CodeCacheInfoETnPNSt4__Cr9enable_ifIXntsr3std7is_sameIT_NS4_12basic_stringIcNS4_11char_traitsIcEENS4_9allocatorIcEEEEEE5valueEvE4typeELPv0ETnPNS5_IXntsr3std13is_arithmeticIS6_EE5valueEvE4typeELSG_0EEES6_v
defined	libv8.so	_ZN2v88internal10DictionaryINS0_14NameDictionaryENS0_19NameDictionaryShapeEE11DeleteEntryINS0_12DirectHandleEQsr3stdE16is_convertible_vITL0__IT_ENS6_IS8_EEEEET_IS2_EPNS0_7IsolateESC_NS0_13InternalIndexE
defined	libv8.so	_ZN2v88internal10DictionaryINS0_14NameDictionaryENS0_19NameDictionaryShapeEE11DeleteEntryINS0_6HandleEQsr3stdE16is_convertible_vITL0__IT_ENS0_12DirectHandleIS8_EEEEET_IS2_EPNS0_7IsolateESD_NS0_13InternalIndexE
defined	libv8.so	_ZN2v88internal10DictionaryINS0_14NameDictionaryENS0_19NameDictionaryShapeEE3AddINS0_12LocalIsolateENS0_12DirectHandleELNS0_14AllocationTypeE1EQsr3stdE16is_convertible_vITL0_0_IT_ENS7_ISA_EEEEET0_IS2_EPSA_SE_NS7_INS0_4NameEEENS7_INS0_6ObjectEEENS0_15PropertyDetailsEPNS0_13InternalIndexE
defined	libv8.so	_ZN2v88internal10DictionaryINS0_14NameDictionaryENS0_19NameDictionaryShapeEE3AddINS0_12LocalIsolateENS0_6HandleELNS0_14AllocationTypeE1EQsr3stdE16is_convertible_vITL0_0_IT_ENS0_12DirectHandleISA_EEEEET0_IS2_EPSA_SF_NSC_INS0_4NameEEENSC_INS0_6ObjectEEENS0_15PropertyDetailsEPNS0_13InternalIndexE
defined	libv8.so	_ZN2v88internal10DictionaryINS0_14NameDictionaryENS0_19NameDictionaryShapeEE3AddINS0_7IsolateENS0_12DirectHandleELNS0_14AllocationTypeE0EQsr3stdE16is_convertible_vITL0_0_IT_ENS7_ISA_EEEEET0_IS2_EPSA_SE_NS7_INS0_4NameEEENS7_INS0_6ObjectEEENS0_15PropertyDetailsEPNS0_13InternalIndexE
defined	libv8.so	_ZN2v88internal10DictionaryINS0_14NameDictionaryENS0_19NameDictionaryShapeEE3AddINS0_7IsolateENS0_6HandleELNS0_14AllocationTypeE0EQsr3stdE16is_convertible_vITL0_0_IT_ENS0_12DirectHandleISA_EEEEET0_IS2_EPSA_SF_NSC_INS0_4NameEEENSC_INS0_6ObjectEEENS0_15PropertyDetailsEPNS0_13InternalIndexE
defined	libv8.so	_ZN2v88internal10DictionaryINS0_14NameDictionaryENS0_19NameDictionaryShapeEE6ShrinkINS0_12DirectHandleEEET_IS2_EPNS0_7IsolateES8_Qsr3stdE16is_convertible_vITL0__IT_ENS6_ISC_EEE
defined	libv8.so	_ZN2v88internal10DictionaryINS0_14NameDictionaryENS0_19NameDictionaryShapeEE6ShrinkINS0_6HandleEEET_IS2_EPNS0_7IsolateES8_Qsr3stdE16is_convertible_vITL0__IT_ENS0_12DirectHandleISC_EEE
defined	libv8.so	_ZN2v88internal10DictionaryINS0_16GlobalDictionaryENS0_21GlobalDictionaryShapeEE11DeleteEntryINS0_12DirectHandleEQsr3stdE16is_convertible_vITL0__IT_ENS6_IS8_EEEEET_IS2_EPNS0_7IsolateESC_NS0_13InternalIndexE
defined	libv8.so	_ZN2v88internal10DictionaryINS0_16GlobalDictionaryENS0_21GlobalDictionaryShapeEE11DeleteEntryINS0_6HandleEQsr3stdE16is_convertible_vITL0__IT_ENS0_12DirectHandleIS8_EEEEET_IS2_EPNS0_7IsolateESD_NS0_13InternalIndexE
defined	libv8.so	_ZN2v88internal10DictionaryINS0_16GlobalDictionaryENS0_21GlobalDictionaryShapeEE3AddINS0_12LocalIsolateENS0_12DirectHandleELNS0_14AllocationTypeE1EQsr3stdE16is_convertible_vITL0_0_IT_ENS7_ISA_EEEEET0_IS2_EPSA_SE_NS7_INS0_4NameEEENS7_INS0_6ObjectEEENS0_15PropertyDetailsEPNS0_13InternalIndexE
defined	libv8.so	_ZN2v88internal10DictionaryINS0_16GlobalDictionaryENS0_21GlobalDictionaryShapeEE3AddINS0_12LocalIsolateENS0_6HandleELNS0_14AllocationTypeE1EQsr3stdE16is_convertible_vITL0_0_IT_ENS0_12DirectHandleISA_EEEEET0_IS2_EPSA_SF_NSC_INS0_4NameEEENSC_INS0_6ObjectEEENS0_15PropertyDetailsEPNS0_13InternalIndexE
defined	libv8.so	_ZN2v88internal10DictionaryINS0_16GlobalDictionaryENS0_21GlobalDictionaryShapeEE3AddINS0_7IsolateENS0_12DirectHandleELNS0_14AllocationTypeE0EQsr3stdE16is_convertible_vITL0_0_IT_ENS7_ISA_EEEEET0_IS2_EPSA_SE_NS7_INS0_4NameEEENS7_INS0_6ObjectEEENS0_15PropertyDetailsEPNS0_13InternalIndexE
defined	libv8.so	_ZN2v88internal10DictionaryINS0_16GlobalDictionaryENS0_21GlobalDictionaryShapeEE3AddINS0_7IsolateENS0_6HandleELNS0_14AllocationTypeE0EQsr3stdE16is_convertible_vITL0_0_IT_ENS0_12DirectHandleISA_EEEEET0_IS2_EPSA_SF_NSC_INS0_4NameEEENSC_INS0_6ObjectEEENS0_15PropertyDetailsEPNS0_13InternalIndexE
defined	libv8.so	_ZN2v88internal10DictionaryINS0_16GlobalDictionaryENS0_21GlobalDictionaryShapeEE6ShrinkINS0_12DirectHandleEEET_IS2_EPNS0_7IsolateES8_Qsr3stdE16is_convertible_vITL0__IT_ENS6_ISC_EEE
defined	libv8.so	_ZN2v88internal10DictionaryINS0_16GlobalDictionaryENS0_21GlobalDictionaryShapeEE6ShrinkINS0_6HandleEEET_IS2_EPNS0_7IsolateES8_Qsr3stdE16is_convertible_vITL0__IT_ENS0_12DirectHandleISC_EEE
defined	libv8.so	_ZN2v88internal10DictionaryINS0_16NumberDictionaryENS0_21NumberDictionaryShapeEE11DeleteEntryINS0_12DirectHandleEQsr3stdE16is_convertible_vITL0__IT_ENS6_IS8_EEEEET_IS2_EPNS0_7IsolateESC_NS0_13InternalIndexE
defined	libv8.so	_ZN2v88internal10DictionaryINS0_16NumberDictionaryENS0_21NumberDictionaryShapeEE11DeleteEntryINS0_6HandleEQsr3stdE16is_convertible_vITL0__IT_ENS0_12DirectHandleIS8_EEEEET_IS2_EPNS0_7IsolateESD_NS0_13InternalIndexE
defined	libv8.so	_ZN2v88internal10DictionaryINS0_16NumberDictionaryENS0_21NumberDictionaryShapeEE12UncheckedAddINS0_7IsolateENS0_12DirectHandleELNS0_14AllocationTypeE5EQsr3stdE16is_convertible_vITL0_0_IT_ENS7_ISA_EEEEEvPSA_T0_IS2_EjNS7_INS0_6ObjectEEENS0_15PropertyDetailsE
defined	libv8.so	_ZN2v88internal10DictionaryINS0_16NumberDictionaryENS0_21NumberDictionaryShapeEE12UncheckedAddINS0_7IsolateENS0_6HandleELNS0_14AllocationTypeE5EQsr3stdE16is_convertible_vITL0_0_IT_ENS0_12DirectHandleISA_EEEEEvPSA_T0_IS2_EjNSC_INS0_6ObjectEEENS0_15PropertyDetailsE
defined	libv8.so	_ZN2v88internal10DictionaryINS0_16NumberDictionaryENS0_21NumberDictionaryShapeEE3AddINS0_12LocalIsolateENS0_12DirectHandleELNS0_14AllocationTypeE1EQsr3stdE16is_convertible_vITL0_0_IT_ENS7_ISA_EEEEET0_IS2_EPSA_SE_jNS7_INS0_6ObjectEEENS0_15PropertyDetailsEPNS0_13InternalIndexE
defined	libv8.so	_ZN2v88internal10DictionaryINS0_16NumberDictionaryENS0_21NumberDictionaryShapeEE3AddINS0_12LocalIsolateENS0_6HandleELNS0_14AllocationTypeE1EQsr3stdE16is_convertible_vITL0_0_IT_ENS0_12DirectHandleISA_EEEEET0_IS2_EPSA_SF_jNSC_INS0_6ObjectEEENS0_15PropertyDetailsEPNS0_13InternalIndexE
defined	libv8.so	_ZN2v88internal10DictionaryINS0_16NumberDictionaryENS0_21NumberDictionaryShapeEE3AddINS0_7IsolateENS0_12DirectHandleELNS0_14AllocationTypeE0EQsr3stdE16is_convertible_vITL0_0_IT_ENS7_ISA_EEEEET0_IS2_EPSA_SE_jNS7_INS0_6ObjectEEENS0_15PropertyDetailsEPNS0_13InternalIndexE
defined	libv8.so	_ZN2v88internal10DictionaryINS0_16NumberDictionaryENS0_21NumberDictionaryShapeEE3AddINS0_7IsolateENS0_6HandleELNS0_14AllocationTypeE0EQsr3stdE16is_convertible_vITL0_0_IT_ENS0_12DirectHandleISA_EEEEET0_IS2_EPSA_SF_jNSC_INS0_6ObjectEEENS0_15PropertyDetailsEPNS0_13InternalIndexE
defined	libv8.so	_ZN2v88internal10DictionaryINS0_16NumberDictionaryENS0_21NumberDictionaryShapeEE6ShrinkINS0_12DirectHandleEEET_IS2_EPNS0_7IsolateES8_Qsr3stdE16is_convertible_vITL0__IT_ENS6_ISC_EEE
defined	libv8.so	_ZN2v88internal10DictionaryINS0_16NumberDictionaryENS0_21NumberDictionaryShapeEE6ShrinkINS0_6HandleEEET_IS2_EPNS0_7IsolateES8_Qsr3stdE16is_convertible_vITL0__IT_ENS0_12DirectHandleISC_EEE
defined	libv8.so	_ZN2v88internal10DictionaryINS0_20SimpleNameDictionaryENS0_25SimpleNameDictionaryShapeEE11DeleteEntryINS0_12DirectHandleEQsr3stdE16is_convertible_vITL0__IT_ENS6_IS8_EEEEET_IS2_EPNS0_7IsolateESC_NS0_13InternalIndexE
defined	libv8.so	_ZN2v88internal10DictionaryINS0_20SimpleNameDictionaryENS0_25SimpleNameDictionaryShapeEE11DeleteEntryINS0_6HandleEQsr3stdE16is_convertible_vITL0__IT_ENS0_12DirectHandleIS8_EEEEET_IS2_EPNS0_7IsolateESD_NS0_13InternalIndexE
defined	libv8.so	_ZN2v88internal10DictionaryINS0_20SimpleNameDictionaryENS0_25SimpleNameDictionaryShapeEE3AddINS0_12LocalIsolateENS0_12DirectHandleELNS0_14AllocationTypeE1EQsr3stdE16is_convertible_vITL0_0_IT_ENS7_ISA_EEEEET0_IS2_EPSA_SE_NS7_INS0_4NameEEENS7_INS0_6ObjectEEENS0_15PropertyDetailsEPNS0_13InternalIndexE
defined	libv8.so	_ZN2v88internal10DictionaryINS0_20SimpleNameDictionaryENS0_25SimpleNameDictionaryShapeEE3AddINS0_12LocalIsolateENS0_6HandleELNS0_14AllocationTypeE1EQsr3stdE16is_convertible_vITL0_0_IT_ENS0_12DirectHandleISA_EEEEET0_IS2_EPSA_SF_NSC_INS0_4NameEEENSC_INS0_6ObjectEEENS0_15PropertyDetailsEPNS0_13InternalIndexE
defined	libv8.so	_ZN2v88internal10DictionaryINS0_20SimpleNameDictionaryENS0_25SimpleNameDictionaryShapeEE3AddINS0_7IsolateENS0_12DirectHandleELNS0_14AllocationTypeE0EQsr3stdE16is_convertible_vITL0_0_IT_ENS7_ISA_EEEEET0_IS2_EPSA_SE_NS7_INS0_4NameEEENS7_INS0_6ObjectEEENS0_15PropertyDetailsEPNS0_13InternalIndexE
defined	libv8.so	_ZN2v88internal10DictionaryINS0_20SimpleNameDictionaryENS0_25SimpleNameDictionaryShapeEE3AddINS0_7IsolateENS0_6HandleELNS0_14AllocationTypeE0EQsr3stdE16is_convertible_vITL0_0_IT_ENS0_12DirectHandleISA_EEEEET0_IS2_EPSA_SF_NSC_INS0_4NameEEENSC_INS0_6ObjectEEENS0_15PropertyDetailsEPNS0_13InternalIndexE
defined	libv8.so	_ZN2v88internal10DictionaryINS0_20SimpleNameDictionaryENS0_25SimpleNameDictionaryShapeEE6ShrinkINS0_12DirectHandleEEET_IS2_EPNS0_7IsolateES8_Qsr3stdE16is_convertible_vITL0__IT_ENS6_ISC_EEE
defined	libv8.so	_ZN2v88internal10DictionaryINS0_20SimpleNameDictionaryENS0_25SimpleNameDictionaryShapeEE6ShrinkINS0_6HandleEEET_IS2_EPNS0_7IsolateES8_Qsr3stdE16is_convertible_vITL0__IT_ENS0_12DirectHandleISC_EEE
defined	libv8.so	_ZN2v88internal10DictionaryINS0_22SimpleNumberDictionaryENS0_27SimpleNumberDictionaryShapeEE11DeleteEntryINS0_12DirectHandleEQsr3stdE16is_convertible_vITL0__IT_ENS6_IS8_EEEEET_IS2_EPNS0_7IsolateESC_NS0_13InternalIndexE
defined	libv8.so	_ZN2v88internal10DictionaryINS0_22SimpleNumberDictionaryENS0_27SimpleNumberDictionaryShapeEE11DeleteEntryINS0_6HandleEQsr3stdE16is_convertible_vITL0__IT_ENS0_12DirectHandleIS8_EEEEET_IS2_EPNS0_7IsolateESD_NS0_13InternalIndexE
defined	libv8.so	_ZN2v88internal10DictionaryINS0_22SimpleNumberDictionaryENS0_27SimpleNumberDictionaryShapeEE3AddINS0_12LocalIsolateENS0_12DirectHandleELNS0_14AllocationTypeE1EQsr3stdE16is_convertible_vITL0_0_IT_ENS7_ISA_EEEEET0_IS2_EPSA_SE_jNS7_INS0_6ObjectEEENS0_15PropertyDetailsEPNS0_13InternalIndexE
defined	libv8.so	_ZN2v88internal10DictionaryINS0_22SimpleNumberDictionaryENS0_27SimpleNumberDictionaryShapeEE3AddINS0_12LocalIsolateENS0_6HandleELNS0_14AllocationTypeE1EQsr3stdE16is_convertible_vITL0_0_IT_ENS0_12DirectHandleISA_EEEEET0_IS2_EPSA_SF_jNSC_INS0_6ObjectEEENS0_15PropertyDetailsEPNS0_13InternalIndexE
defined	libv8.so	_ZN2v88internal10DictionaryINS0_22SimpleNumberDictionaryENS0_27SimpleNumberDictionaryShapeEE3AddINS0_7IsolateENS0_12DirectHandleELNS0_14AllocationTypeE0EQsr3stdE16is_convertible_vITL0_0_IT_ENS7_ISA_EEEEET0_IS2_EPSA_SE_jNS7_INS0_6ObjectEEENS0_15PropertyDetailsEPNS0_13InternalIndexE
defined	libv8.so	_ZN2v88internal10DictionaryINS0_22SimpleNumberDictionaryENS0_27SimpleNumberDictionaryShapeEE3AddINS0_7IsolateENS0_6HandleELNS0_14AllocationTypeE0EQsr3stdE16is_convertible_vITL0_0_IT_ENS0_12DirectHandleISA_EEEEET0_IS2_EPSA_SF_jNSC_INS0_6ObjectEEENS0_15PropertyDetailsEPNS0_13InternalIndexE
defined	libv8.so	_ZN2v88internal10DictionaryINS0_22SimpleNumberDictionaryENS0_27SimpleNumberDictionaryShapeEE6ShrinkINS0_12DirectHandleEEET_IS2_EPNS0_7IsolateES8_Qsr3stdE16is_convertible_vITL0__IT_ENS6_ISC_EEE
defined	libv8.so	_ZN2v88internal10DictionaryINS0_22SimpleNumberDictionaryENS0_27SimpleNumberDictionaryShapeEE6ShrinkINS0_6HandleEEET_IS2_EPNS0_7IsolateES8_Qsr3stdE16is_convertible_vITL0__IT_ENS0_12DirectHandleISC_EEE
defined	libv8.so	_ZN2v88internal11FactoryBaseINS0_12LocalFactoryEE13NewConsStringINS0_12DirectHandleEQsr3stdE16is_convertible_vITL0__INS0_6StringEENS5_IS7_EEEEENT_IS7_E9MaybeTypeESB_SB_NS0_14AllocationTypeE
defined	libv8.so	_ZN2v88internal11FactoryBaseINS0_12LocalFactoryEE13NewConsStringINS0_6HandleEQsr3stdE16is_convertible_vITL0__INS0_6StringEENS0_12DirectHandleIS7_EEEEENT_IS7_E9MaybeTypeESC_SC_NS0_14AllocationTypeE
defined	libv8.so	_ZN2v88internal11FactoryBaseINS0_7FactoryEE13NewConsStringINS0_12DirectHandleEQsr3stdE16is_convertible_vITL0__INS0_6StringEENS5_IS7_EEEEENT_IS7_E9MaybeTypeESB_SB_NS0_14AllocationTypeE
defined	libv8.so	_ZN2v88internal11FactoryBaseINS0_7FactoryEE13NewConsStringINS0_6HandleEQsr3stdE16is_convertible_vITL0__INS0_6StringEENS0_12DirectHandleIS7_EEEEENT_IS7_E9MaybeTypeESC_SC_NS0_14AllocationTypeE
defined	libv8.so	_ZN2v88internal16OrderedHashTableINS0_14OrderedHashMapELi2EE23EnsureCapacityForAddingINS0_12DirectHandleEQsr3stdE16is_convertible_vITL0__IT_ENS5_IS7_EEEEENT_IS2_E9MaybeTypeEPNS0_7IsolateESB_
defined	libv8.so	_ZN2v88internal16OrderedHashTableINS0_14OrderedHashMapELi2EE23EnsureCapacityForAddingINS0_6HandleEQsr3stdE16is_convertible_vITL0__IT_ENS0_12DirectHandleIS7_EEEEENT_IS2_E9MaybeTypeEPNS0_7IsolateESC_
defined	libv8.so	_ZN2v88internal16OrderedHashTableINS0_14OrderedHashMapELi2EE6ShrinkINS0_12DirectHandleEQsr3stdE16is_convertible_vITL0__IT_ENS5_IS7_EEEEET_IS2_EPNS0_7IsolateESB_
defined	libv8.so	_ZN2v88internal16OrderedHashTableINS0_14OrderedHashMapELi2EE6ShrinkINS0_6HandleEQsr3stdE16is_convertible_vITL0__IT_ENS0_12DirectHandleIS7_EEEEET_IS2_EPNS0_7IsolateESC_
defined	libv8.so	_ZN2v88internal16OrderedHashTableINS0_14OrderedHashSetELi1EE23EnsureCapacityForAddingINS0_12DirectHandleEQsr3stdE16is_convertible_vITL0__IT_ENS5_IS7_EEEEENT_IS2_E9MaybeTypeEPNS0_7IsolateESB_
defined	libv8.so	_ZN2v88internal16OrderedHashTableINS0_14OrderedHashSetELi1EE23EnsureCapacityForAddingINS0_6HandleEQsr3stdE16is_convertible_vITL0__IT_ENS0_12DirectHandleIS7_EEEEENT_IS2_E9MaybeTypeEPNS0_7IsolateESC_
defined	libv8.so	_ZN2v88internal16OrderedHashTableINS0_14OrderedHashSetELi1EE6ShrinkINS0_12DirectHandleEQsr3stdE16is_convertible_vITL0__IT_ENS5_IS7_EEEEET_IS2_EPNS0_7IsolateESB_
defined	libv8.so	_ZN2v88internal16OrderedHashTableINS0_14OrderedHashSetELi1EE6ShrinkINS0_6HandleEQsr3stdE16is_convertible_vITL0__IT_ENS0_12DirectHandleIS7_EEEEET_IS2_EPNS0_7IsolateESC_
defined	libv8.so	_ZN2v88internal16OrderedHashTableINS0_21OrderedNameDictionaryELi3EE23EnsureCapacityForAddingINS0_12DirectHandleEQsr3stdE16is_convertible_vITL0__IT_ENS5_IS7_EEEEENT_IS2_E9MaybeTypeEPNS0_7IsolateESB_
defined	libv8.so	_ZN2v88internal16OrderedHashTableINS0_21OrderedNameDictionaryELi3EE23EnsureCapacityForAddingINS0_6HandleEQsr3stdE16is_convertible_vITL0__IT_ENS0_12DirectHandleIS7_EEEEENT_IS2_E9MaybeTypeEPNS0_7IsolateESC_
defined	libv8.so	_ZN2v88internal16OrderedHashTableINS0_21OrderedNameDictionaryELi3EE6ShrinkINS0_12DirectHandleEQsr3stdE16is_convertible_vITL0__IT_ENS5_IS7_EEEEET_IS2_EPNS0_7IsolateESB_
defined	libv8.so	_ZN2v88internal16OrderedHashTableINS0_21OrderedNameDictionaryELi3EE6ShrinkINS0_6HandleEQsr3stdE16is_convertible_vITL0__IT_ENS0_12DirectHandleIS7_EEEEET_IS2_EPNS0_7IsolateESC_
defined	libv8.so	_ZN2v88internal18BaseNameDictionaryINS0_14NameDictionaryENS0_19NameDictionaryShapeEE3AddINS0_12DirectHandleEQsr3stdE16is_convertible_vITL0__IT_ENS6_IS8_EEEEENT_IS2_E9MaybeTypeEPNS0_7IsolateESC_NS6_INS0_4NameEEENS6_INS0_6ObjectEEENS0_15PropertyDetailsEPNS0_13InternalIndexE
defined	libv8.so	_ZN2v88internal18BaseNameDictionaryINS0_14NameDictionaryENS0_19NameDictionaryShapeEE3AddINS0_6HandleEQsr3stdE16is_convertible_vITL0__IT_ENS0_12DirectHandleIS8_EEEEENT_IS2_E9MaybeTypeEPNS0_7IsolateESD_NSA_INS0_4NameEEENSA_INS0_6ObjectEEENS0_15PropertyDetailsEPNS0_13InternalIndexE
defined	libv8.so	_ZN2v88internal18BaseNameDictionaryINS0_16GlobalDictionaryENS0_21GlobalDictionaryShapeEE3AddINS0_12DirectHandleEQsr3stdE16is_convertible_vITL0__IT_ENS6_IS8_EEEEENT_IS2_E9MaybeTypeEPNS0_7IsolateESC_NS6_INS0_4NameEEENS6_INS0_6ObjectEEENS0_15PropertyDetailsEPNS0_13InternalIndexE
defined	libv8.so	_ZN2v88internal18BaseNameDictionaryINS0_16GlobalDictionaryENS0_21GlobalDictionaryShapeEE3AddINS0_6HandleEQsr3stdE16is_convertible_vITL0__IT_ENS0_12DirectHandleIS8_EEEEENT_IS2_E9MaybeTypeEPNS0_7IsolateESD_NSA_INS0_4NameEEENSA_INS0_6ObjectEEENS0_15PropertyDetailsEPNS0_13InternalIndexE
defined	libv8.so	_ZN2v88internal9HashTableINS0_13ObjectHashSetENS0_18ObjectHashSetShapeEE14EnsureCapacityINS0_12LocalIsolateENS0_12DirectHandleEQsr3stdE16is_convertible_vITL0_0_IT_ENS7_IS9_EEEEET0_IS2_EPS9_SD_iNS0_14AllocationTypeE
defined	libv8.so	_ZN2v88internal9HashTableINS0_13ObjectHashSetENS0_18ObjectHashSetShapeEE14EnsureCapacityINS0_12LocalIsolateENS0_6HandleEQsr3stdE16is_convertible_vITL0_0_IT_ENS0_12DirectHandleIS9_EEEEET0_IS2_EPS9_SE_iNS0_14AllocationTypeE
defined	libv8.so	_ZN2v88internal9HashTableINS0_13ObjectHashSetENS0_18ObjectHashSetShapeEE14EnsureCapacityINS0_7IsolateENS0_12DirectHandleEQsr3stdE16is_convertible_vITL0_0_IT_ENS7_IS9_EEEEET0_IS2_EPS9_SD_iNS0_14AllocationTypeE
defined	libv8.so	_ZN2v88internal9HashTableINS0_13ObjectHashSetENS0_18ObjectHashSetShapeEE14EnsureCapacityINS0_7IsolateENS0_6HandleEQsr3stdE16is_convertible_vITL0_0_IT_ENS0_12DirectHandleIS9_EEEEET0_IS2_EPS9_SE_iNS0_14AllocationTypeE
defined	libv8.so	_ZN2v88internal9HashTableINS0_13ObjectHashSetENS0_18ObjectHashSetShapeEE6ShrinkINS0_12DirectHandleEQsr3stdE16is_convertible_vITL0__IT_ENS6_IS8_EEEEET_IS2_EPNS0_7IsolateESC_i
defined	libv8.so	_ZN2v88internal9HashTableINS0_13ObjectHashSetENS0_18ObjectHashSetShapeEE6ShrinkINS0_6HandleEQsr3stdE16is_convertible_vITL0__IT_ENS0_12DirectHandleIS8_EEEEET_IS2_EPNS0_7IsolateESD_i
defined	libv8.so	_ZN2v88internal9HashTableINS0_14NameDictionaryENS0_19NameDictionaryShapeEE14EnsureCapacityINS0_12LocalIsolateENS0_12DirectHandleEQsr3stdE16is_convertible_vITL0_0_IT_ENS7_IS9_EEEEET0_IS2_EPS9_SD_iNS0_14AllocationTypeE
defined	libv8.so	_ZN2v88internal9HashTableINS0_14NameDictionaryENS0_19NameDictionaryShapeEE14EnsureCapacityINS0_12LocalIsolateENS0_6HandleEQsr3stdE16is_convertible_vITL0_0_IT_ENS0_12DirectHandleIS9_EEEEET0_IS2_EPS9_SE_iNS0_14AllocationTypeE
defined	libv8.so	_ZN2v88internal9HashTableINS0_14NameDictionaryENS0_19NameDictionaryShapeEE14EnsureCapacityINS0_7IsolateENS0_12DirectHandleEQsr3stdE16is_convertible_vITL0_0_IT_ENS7_IS9_EEEEET0_IS2_EPS9_SD_iNS0_14AllocationTypeE
defined	libv8.so	_ZN2v88internal9HashTableINS0_14NameDictionaryENS0_19NameDictionaryShapeEE14EnsureCapacityINS0_7IsolateENS0_6HandleEQsr3stdE16is_convertible_vITL0_0_IT_ENS0_12DirectHandleIS9_EEEEET0_IS2_EPS9_SE_iNS0_14AllocationTypeE
defined	libv8.so	_ZN2v88internal9HashTableINS0_14NameDictionaryENS0_19NameDictionaryShapeEE6ShrinkINS0_12DirectHandleEQsr3stdE16is_convertible_vITL0__IT_ENS6_IS8_EEEEET_IS2_EPNS0_7IsolateESC_i
defined	libv8.so	_ZN2v88internal9HashTableINS0_14NameDictionaryENS0_19NameDictionaryShapeEE6ShrinkINS0_6HandleEQsr3stdE16is_convertible_vITL0__IT_ENS0_12DirectHandleIS8_EEEEET_IS2_EPNS0_7IsolateESD_i
defined	libv8.so	_ZN2v88internal9HashTableINS0_15ObjectHashTableENS0_20ObjectHashTableShapeEE14EnsureCapacityINS0_12LocalIsolateENS0_12DirectHandleEQsr3stdE16is_convertible_vITL0_0_IT_ENS7_IS9_EEEEET0_IS2_EPS9_SD_iNS0_14AllocationTypeE
defined	libv8.so	_ZN2v88internal9HashTableINS0_15ObjectHashTableENS0_20ObjectHashTableShapeEE14EnsureCapacityINS0_12LocalIsolateENS0_6HandleEQsr3stdE16is_convertible_vITL0_0_IT_ENS0_12DirectHandleIS9_EEEEET0_IS2_EPS9_SE_iNS0_14AllocationTypeE
defined	libv8.so	_ZN2v88internal9HashTableINS0_15ObjectHashTableENS0_20ObjectHashTableShapeEE14EnsureCapacityINS0_7IsolateENS0_12DirectHandleEQsr3stdE16is_convertible_vITL0_0_IT_ENS7_IS9_EEEEET0_IS2_EPS9_SD_iNS0_14AllocationTypeE
defined	libv8.so	_ZN2v88internal9HashTableINS0_15ObjectHashTableENS0_20ObjectHashTableShapeEE14EnsureCapacityINS0_7IsolateENS0_6HandleEQsr3stdE16is_convertible_vITL0_0_IT_ENS0_12DirectHandleIS9_EEEEET0_IS2_EPS9_SE_iNS0_14AllocationTypeE
defined	libv8.so	_ZN2v88internal9HashTableINS0_15ObjectHashTableENS0_20ObjectHashTableShapeEE6ShrinkINS0_12DirectHandleEQsr3stdE16is_convertible_vITL0__IT_ENS6_IS8_EEEEET_IS2_EPNS0_7IsolateESC_i
defined	libv8.so	_ZN2v88internal9HashTableINS0_15ObjectHashTableENS0_20ObjectHashTableShapeEE6ShrinkINS0_6HandleEQsr3stdE16is_convertible_vITL0__IT_ENS0_12DirectHandleIS8_EEEEET_IS2_EPNS0_7IsolateESD_i
defined	libv8.so	_ZN2v88internal9HashTableINS0_16GlobalDictionaryENS0_21GlobalDictionaryShapeEE14EnsureCapacityINS0_12LocalIsolateENS0_12DirectHandleEQsr3stdE16is_convertible_vITL0_0_IT_ENS7_IS9_EEEEET0_IS2_EPS9_SD_iNS0_14AllocationTypeE
defined	libv8.so	_ZN2v88internal9HashTableINS0_16GlobalDictionaryENS0_21GlobalDictionaryShapeEE14EnsureCapacityINS0_12LocalIsolateENS0_6HandleEQsr3stdE16is_convertible_vITL0_0_IT_ENS0_12DirectHandleIS9_EEEEET0_IS2_EPS9_SE_iNS0_14AllocationTypeE
defined	libv8.so	_ZN2v88internal9HashTableINS0_16GlobalDictionaryENS0_21GlobalDictionaryShapeEE14EnsureCapacityINS0_7IsolateENS0_12DirectHandleEQsr3stdE16is_convertible_vITL0_0_IT_ENS7_IS9_EEEEET0_IS2_EPS9_SD_iNS0_14AllocationTypeE
defined	libv8.so	_ZN2v88internal9HashTableINS0_16GlobalDictionaryENS0_21GlobalDictionaryShapeEE14EnsureCapacityINS0_7IsolateENS0_6HandleEQsr3stdE16is_convertible_vITL0_0_IT_ENS0_12DirectHandleIS9_EEEEET0_IS2_EPS9_SE_iNS0_14AllocationTypeE
defined	libv8.so	_ZN2v88internal9HashTableINS0_16GlobalDictionaryENS0_21GlobalDictionaryShapeEE6ShrinkINS0_12DirectHandleEQsr3stdE16is_convertible_vITL0__IT_ENS6_IS8_EEEEET_IS2_EPNS0_7IsolateESC_i
defined	libv8.so	_ZN2v88internal9HashTableINS0_16GlobalDictionaryENS0_21GlobalDictionaryShapeEE6ShrinkINS0_6HandleEQsr3stdE16is_convertible_vITL0__IT_ENS0_12DirectHandleIS8_EEEEET_IS2_EPNS0_7IsolateESD_i
defined	libv8.so	_ZN2v88internal9HashTableINS0_16NumberDictionaryENS0_21NumberDictionaryShapeEE14EnsureCapacityINS0_12LocalIsolateENS0_12DirectHandleEQsr3stdE16is_convertible_vITL0_0_IT_ENS7_IS9_EEEEET0_IS2_EPS9_SD_iNS0_14AllocationTypeE
defined	libv8.so	_ZN2v88internal9HashTableINS0_16NumberDictionaryENS0_21NumberDictionaryShapeEE14EnsureCapacityINS0_12LocalIsolateENS0_6HandleEQsr3stdE16is_convertible_vITL0_0_IT_ENS0_12DirectHandleIS9_EEEEET0_IS2_EPS9_SE_iNS0_14AllocationTypeE
defined	libv8.so	_ZN2v88internal9HashTableINS0_16NumberDictionaryENS0_21NumberDictionaryShapeEE14EnsureCapacityINS0_7IsolateENS0_12DirectHandleEQsr3stdE16is_convertible_vITL0_0_IT_ENS7_IS9_EEEEET0_IS2_EPS9_SD_iNS0_14AllocationTypeE
defined	libv8.so	_ZN2v88internal9HashTableINS0_16NumberDictionaryENS0_21NumberDictionaryShapeEE14EnsureCapacityINS0_7IsolateENS0_6HandleEQsr3stdE16is_convertible_vITL0_0_IT_ENS0_12DirectHandleIS9_EEEEET0_IS2_EPS9_SE_iNS0_14AllocationTypeE
defined	libv8.so	_ZN2v88internal9HashTableINS0_16NumberDictionaryENS0_21NumberDictionaryShapeEE6ShrinkINS0_12DirectHandleEQsr3stdE16is_convertible_vITL0__IT_ENS6_IS8_EEEEET_IS2_EPNS0_7IsolateESC_i
defined	libv8.so	_ZN2v88internal9HashTableINS0_16NumberDictionaryENS0_21NumberDictionaryShapeEE6ShrinkINS0_6HandleEQsr3stdE16is_convertible_vITL0__IT_ENS0_12DirectHandleIS8_EEEEET_IS2_EPNS0_7IsolateESD_i
defined	libv8.so	_ZN2v88internal9HashTableINS0_18EphemeronHashTableENS0_23EphemeronHashTableShapeEE14EnsureCapacityINS0_12LocalIsolateENS0_12DirectHandleEQsr3stdE16is_convertible_vITL0_0_IT_ENS7_IS9_EEEEET0_IS2_EPS9_SD_iNS0_14AllocationTypeE
defined	libv8.so	_ZN2v88internal9HashTableINS0_18EphemeronHashTableENS0_23EphemeronHashTableShapeEE14EnsureCapacityINS0_12LocalIsolateENS0_6HandleEQsr3stdE16is_convertible_vITL0_0_IT_ENS0_12DirectHandleIS9_EEEEET0_IS2_EPS9_SE_iNS0_14AllocationTypeE
defined	libv8.so	_ZN2v88internal9HashTableINS0_18EphemeronHashTableENS0_23EphemeronHashTableShapeEE14EnsureCapacityINS0_7IsolateENS0_12DirectHandleEQsr3stdE16is_convertible_vITL0_0_IT_ENS7_IS9_EEEEET0_IS2_EPS9_SD_iNS0_14AllocationTypeE
defined	libv8.so	_ZN2v88internal9HashTableINS0_18EphemeronHashTableENS0_23EphemeronHashTableShapeEE14EnsureCapacityINS0_7IsolateENS0_6HandleEQsr3stdE16is_convertible_vITL0_0_IT_ENS0_12DirectHandleIS9_EEEEET0_IS2_EPS9_SE_iNS0_14AllocationTypeE
defined	libv8.so	_ZN2v88internal9HashTableINS0_18EphemeronHashTableENS0_23EphemeronHashTableShapeEE6ShrinkINS0_12DirectHandleEQsr3stdE16is_convertible_vITL0__IT_ENS6_IS8_EEEEET_IS2_EPNS0_7IsolateESC_i
defined	libv8.so	_ZN2v88internal9HashTableINS0_18EphemeronHashTableENS0_23EphemeronHashTableShapeEE6ShrinkINS0_6HandleEQsr3stdE16is_convertible_vITL0__IT_ENS0_12DirectHandleIS8_EEEEET_IS2_EPNS0_7IsolateESD_i
defined	libv8.so	_ZN2v88internal9HashTableINS0_20SimpleNameDictionaryENS0_25SimpleNameDictionaryShapeEE14EnsureCapacityINS0_12LocalIsolateENS0_12DirectHandleEQsr3stdE16is_convertible_vITL0_0_IT_ENS7_IS9_EEEEET0_IS2_EPS9_SD_iNS0_14AllocationTypeE
defined	libv8.so	_ZN2v88internal9HashTableINS0_20SimpleNameDictionaryENS0_25SimpleNameDictionaryShapeEE14EnsureCapacityINS0_12LocalIsolateENS0_6HandleEQsr3stdE16is_convertible_vITL0_0_IT_ENS0_12DirectHandleIS9_EEEEET0_IS2_EPS9_SE_iNS0_14AllocationTypeE
defined	libv8.so	_ZN2v88internal9HashTableINS0_20SimpleNameDictionaryENS0_25SimpleNameDictionaryShapeEE14EnsureCapacityINS0_7IsolateENS0_12DirectHandleEQsr3stdE16is_convertible_vITL0_0_IT_ENS7_IS9_EEEEET0_IS2_EPS9_SD_iNS0_14AllocationTypeE
defined	libv8.so	_ZN2v88internal9HashTableINS0_20SimpleNameDictionaryENS0_25SimpleNameDictionaryShapeEE14EnsureCapacityINS0_7IsolateENS0_6HandleEQsr3stdE16is_convertible_vITL0_0_IT_ENS0_12DirectHandleIS9_EEEEET0_IS2_EPS9_SE_iNS0_14AllocationTypeE
defined	libv8.so	_ZN2v88internal9HashTableINS0_20SimpleNameDictionaryENS0_25SimpleNameDictionaryShapeEE6ShrinkINS0_12DirectHandleEQsr3stdE16is_convertible_vITL0__IT_ENS6_IS8_EEEEET_IS2_EPNS0_7IsolateESC_i
defined	libv8.so	_ZN2v88internal9HashTableINS0_20SimpleNameDictionaryENS0_25SimpleNameDictionaryShapeEE6ShrinkINS0_6HandleEQsr3stdE16is_convertible_vITL0__IT_ENS0_12DirectHandleIS8_EEEEET_IS2_EPNS0_7IsolateESD_i
defined	libv8.so	_ZN2v88internal9HashTableINS0_21CompilationCacheTableENS0_21CompilationCacheShapeEE14EnsureCapacityINS0_12LocalIsolateENS0_12DirectHandleEQsr3stdE16is_convertible_vITL0_0_IT_ENS7_IS9_EEEEET0_IS2_EPS9_SD_iNS0_14AllocationTypeE
defined	libv8.so	_ZN2v88internal9HashTableINS0_21CompilationCacheTableENS0_21CompilationCacheShapeEE14EnsureCapacityINS0_12LocalIsolateENS0_6HandleEQsr3stdE16is_convertible_vITL0_0_IT_ENS0_12DirectHandleIS9_EEEEET0_IS2_EPS9_SE_iNS0_14AllocationTypeE
defined	libv8.so	_ZN2v88internal9HashTableINS0_21CompilationCacheTableENS0_21CompilationCacheShapeEE14EnsureCapacityINS0_7IsolateENS0_12DirectHandleEQsr3stdE16is_convertible_vITL0_0_IT_ENS7_IS9_EEEEET0_IS2_EPS9_SD_iNS0_14AllocationTypeE
defined	libv8.so	_ZN2v88internal9HashTableINS0_21CompilationCacheTableENS0_21CompilationCacheShapeEE14EnsureCapacityINS0_7IsolateENS0_6HandleEQsr3stdE16is_convertible_vITL0_0_IT_ENS0_12DirectHandleIS9_EEEEET0_IS2_EPS9_SE_iNS0_14AllocationTypeE
defined	libv8.so	_ZN2v88internal9HashTableINS0_21CompilationCacheTableENS0_21CompilationCacheShapeEE6ShrinkINS0_12DirectHandleEQsr3stdE16is_convertible_vITL0__IT_ENS6_IS8_EEEEET_IS2_EPNS0_7IsolateESC_i
defined	libv8.so	_ZN2v88internal9HashTableINS0_21CompilationCacheTableENS0_21CompilationCacheShapeEE6ShrinkINS0_6HandleEQsr3stdE16is_convertible_vITL0__IT_ENS0_12DirectHandleIS8_EEEEET_IS2_EPNS0_7IsolateESD_i
defined	libv8.so	_ZN2v88internal9HashTableINS0_22SimpleNumberDictionaryENS0_27SimpleNumberDictionaryShapeEE14EnsureCapacityINS0_12LocalIsolateENS0_12DirectHandleEQsr3stdE16is_convertible_vITL0_0_IT_ENS7_IS9_EEEEET0_IS2_EPS9_SD_iNS0_14AllocationTypeE
defined	libv8.so	_ZN2v88internal9HashTableINS0_22SimpleNumberDictionaryENS0_27SimpleNumberDictionaryShapeEE14EnsureCapacityINS0_12LocalIsolateENS0_6HandleEQsr3stdE16is_convertible_vITL0_0_IT_ENS0_12DirectHandleIS9_EEEEET0_IS2_EPS9_SE_iNS0_14AllocationTypeE
defined	libv8.so	_ZN2v88internal9HashTableINS0_22SimpleNumberDictionaryENS0_27SimpleNumberDictionaryShapeEE14EnsureCapacityINS0_7IsolateENS0_12DirectHandleEQsr3stdE16is_convertible_vITL0_0_IT_ENS7_IS9_EEEEET0_IS2_EPS9_SD_iNS0_14AllocationTypeE
defined	libv8.so	_ZN2v88internal9HashTableINS0_22SimpleNumberDictionaryENS0_27SimpleNumberDictionaryShapeEE14EnsureCapacityINS0_7IsolateENS0_6HandleEQsr3stdE16is_convertible_vITL0_0_IT_ENS0_12DirectHandleIS9_EEEEET0_IS2_EPS9_SE_iNS0_14AllocationTypeE
defined	libv8.so	_ZN2v88internal9HashTableINS0_22SimpleNumberDictionaryENS0_27SimpleNumberDictionaryShapeEE6ShrinkINS0_12DirectHandleEQsr3stdE16is_convertible_vITL0__IT_ENS6_IS8_EEEEET_IS2_EPNS0_7IsolateESC_i
defined	libv8.so	_ZN2v88internal9HashTableINS0_22SimpleNumberDictionaryENS0_27SimpleNumberDictionaryShapeEE6ShrinkINS0_6HandleEQsr3stdE16is_convertible_vITL0__IT_ENS0_12DirectHandleIS8_EEEEET_IS2_EPNS0_7IsolateESD_i
defined	libv8.so	_ZN2v88internal9HashTableINS0_9StringSetENS0_14StringSetShapeEE14EnsureCapacityINS0_12LocalIsolateENS0_12DirectHandleEQsr3stdE16is_convertible_vITL0_0_IT_ENS7_IS9_EEEEET0_IS2_EPS9_SD_iNS0_14AllocationTypeE
defined	libv8.so	_ZN2v88internal9HashTableINS0_9StringSetENS0_14StringSetShapeEE14EnsureCapacityINS0_12LocalIsolateENS0_6HandleEQsr3stdE16is_convertible_vITL0_0_IT_ENS0_12DirectHandleIS9_EEEEET0_IS2_EPS9_SE_iNS0_14AllocationTypeE
defined	libv8.so	_ZN2v88internal9HashTableINS0_9StringSetENS0_14StringSetShapeEE14EnsureCapacityINS0_7IsolateENS0_12DirectHandleEQsr3stdE16is_convertible_vITL0_0_IT_ENS7_IS9_EEEEET0_IS2_EPS9_SD_iNS0_14AllocationTypeE
defined	libv8.so	_ZN2v88internal9HashTableINS0_9StringSetENS0_14StringSetShapeEE14EnsureCapacityINS0_7IsolateENS0_6HandleEQsr3stdE16is_convertible_vITL0_0_IT_ENS0_12DirectHandleIS9_EEEEET0_IS2_EPS9_SE_iNS0_14AllocationTypeE
defined	libv8.so	_ZN2v88internal9HashTableINS0_9StringSetENS0_14StringSetShapeEE6ShrinkINS0_12DirectHandleEQsr3stdE16is_convertible_vITL0__IT_ENS6_IS8_EEEEET_IS2_EPNS0_7IsolateESC_i
defined	libv8.so	_ZN2v88internal9HashTableINS0_9StringSetENS0_14StringSetShapeEE6ShrinkINS0_6HandleEQsr3stdE16is_convertible_vITL0__IT_ENS0_12DirectHandleIS8_EEEEET_IS2_EPNS0_7IsolateESD_i
