_ZNK4node7tracing5Agent20GetEnabledCategoriesEv	node::tracing::Agent::GetEnabledCategories() const
_ZNK4node8builtins13BuiltinLoader13GetBuiltinIdsEv	node::builtins::BuiltinLoader::GetBuiltinIds() const
_Z35_v8_internal_Print_Object_To_StringPv	_v8_internal_Print_Object_To_String(void*)
_ZN2v87Isolate16GetDefaultLocaleEv	v8::Isolate::GetDefaultLocale()
_ZN2v88internal10JSCollator19GetAvailableLocalesEv	v8::internal::JSCollator::GetAvailableLocales()
_ZN2v88internal11interpreter9Bytecodes8ToStringENS1_8BytecodeENS1_12OperandScaleEPKc	v8::internal::interpreter::Bytecodes::ToString(v8::internal::interpreter::Bytecode, v8::internal::interpreter::OperandScale, char const*)
_ZN2v88internal11JSSegmenter19GetAvailableLocalesEv	v8::internal::JSSegmenter::GetAvailableLocales()
_ZN2v88internal12HeapProfiler20TakeSnapshotToStringENS_12HeapProfiler19HeapSnapshotOptionsE	v8::internal::HeapProfiler::TakeSnapshotToString(v8::HeapProfiler::HeapSnapshotOptions)
_ZN2v88internal12JSListFormat19GetAvailableLocalesEv	v8::internal::JSListFormat::GetAvailableLocales()
_ZN2v88internal12LocalIsolate13DefaultLocaleEv	v8::internal::LocalIsolate::DefaultLocale()
_ZN2v88internal13JSPluralRules19GetAvailableLocalesEv	v8::internal::JSPluralRules::GetAvailableLocales()
_ZN2v88internal14JSDisplayNames19GetAvailableLocalesEv	v8::internal::JSDisplayNames::GetAvailableLocales()
_ZN2v88internal14JSNumberFormat19GetAvailableLocalesEv	v8::internal::JSNumberFormat::GetAvailableLocales()
_ZN2v88internal16JSDateTimeFormat19GetAvailableLocalesEv	v8::internal::JSDateTimeFormat::GetAvailableLocales()
_ZN2v88internal16JSDurationFormat19GetAvailableLocalesEv	v8::internal::JSDurationFormat::GetAvailableLocales()
_ZN2v88internal17JSV8BreakIterator19GetAvailableLocalesEv	v8::internal::JSV8BreakIterator::GetAvailableLocales()
_ZN2v88internal18StringOutputStream3strEv	v8::internal::StringOutputStream::str()
_ZN2v88internal20JSRelativeTimeFormat19GetAvailableLocalesEv	v8::internal::JSRelativeTimeFormat::GetAvailableLocales()
_ZN2v88internal4wasm15AsmFunctionType4NameEv	v8::internal::wasm::AsmFunctionType::Name()
_ZN2v88internal4wasm25AsmOverloadedFunctionType4NameEv	v8::internal::wasm::AsmOverloadedFunctionType::Name()
_ZN2v88internal4wasm7AsmType4NameEv	v8::internal::wasm::AsmType::Name()
_ZN2v88internal4wasm9WasmError11FormatErrorEPKcSt9__va_list	v8::internal::wasm::WasmError::FormatError(char const*, std::__va_list)
_ZN2v88internal6String11ToStdStringEv	v8::internal::String::ToStdString()
_ZN2v88internal7Isolate13DefaultLocaleEv	v8::internal::Isolate::DefaultLocale()
_ZN2v88internal7Isolate19GetTurboCfgFileNameEPS1_	v8::internal::Isolate::GetTurboCfgFileName(v8::internal::Isolate*)
_ZN2v88internal8compiler13TurboJsonFileC1EPNS0_24OptimizedCompilationInfoEj	v8::internal::compiler::TurboJsonFile::TurboJsonFile(v8::internal::OptimizedCompilationInfo*, unsigned int)
_ZN2v88internal8compiler13TurboJsonFileC2EPNS0_24OptimizedCompilationInfoEj	v8::internal::compiler::TurboJsonFile::TurboJsonFile(v8::internal::OptimizedCompilationInfo*, unsigned int)
_ZN2v88internal8compiler8ToStringERKNS1_21BytecodeLivenessStateE	v8::internal::compiler::ToString(v8::internal::compiler::BytecodeLivenessState const&)
_ZN2v88internal8ReadFileEP8_IO_FILEPbb	v8::internal::ReadFile(_IO_FILE*, bool*, bool)
_ZN2v88internal8ReadFileEPKcPbb	v8::internal::ReadFile(char const*, bool*, bool)
_ZN2v88internal8ToStringENS0_12InstanceTypeE	v8::internal::ToString(v8::internal::InstanceType)
_ZNK12v8_inspector8String164utf8Ev	v8_inspector::String16::utf8() const
_ZNK2v88internal11interpreter8Register8ToStringEv	v8::internal::interpreter::Register::ToString() const
_ZNK2v88internal12V8FileLogger9file_nameEv	v8::internal::V8FileLogger::file_name() const
_ZNK2v88internal4wasm13ValueTypeBase21generic_heaptype_nameEv	v8::internal::wasm::ValueTypeBase::generic_heaptype_name() const
_ZNK2v88internal4wasm13ValueTypeBase4nameEv	v8::internal::wasm::ValueTypeBase::name() const
_ZNK2v88internal4wasm19WasmModuleSourceMap11GetFilenameEj	v8::internal::wasm::WasmModuleSourceMap::GetFilename(unsigned int) const
_ZNK2v88internal4wasm8WasmCode9DebugNameEv	v8::internal::wasm::WasmCode::DebugName() const
_ZNK2v88internal8compiler12JSHeapBroker5TraceEv	v8::internal::compiler::JSHeapBroker::Trace() const
widget_config_access_info_array_destroy	widget_config_access_info_array_destroy
widget_config_access_info_get_origin	widget_config_access_info_get_origin
widget_config_access_info_get_subdomains	widget_config_access_info_get_subdomains
widget_config_addon_info_get_package	widget_config_addon_info_get_package
widget_config_addon_info_get_required_version	widget_config_addon_info_get_required_version
widget_config_allowed_navigation_info_get_GetAllowedDomains	widget_config_allowed_navigation_info_get_GetAllowedDomains
widget_config_app_control_info_array_destroy	widget_config_app_control_info_array_destroy
widget_config_app_control_info_get_mime	widget_config_app_control_info_get_mime
widget_config_app_control_info_get_operation	widget_config_app_control_info_get_operation
widget_config_app_control_info_get_reload	widget_config_app_control_info_get_reload
widget_config_app_control_info_get_src	widget_config_app_control_info_get_src
widget_config_app_control_info_get_uri	widget_config_app_control_info_get_uri
widget_config_app_control_info_list_get_controls	widget_config_app_control_info_list_get_controls
widget_config_category_info_list_get_categories	widget_config_category_info_list_get_categories
widget_config_content_info_get_encoding	widget_config_content_info_get_encoding
widget_config_content_info_get_src	widget_config_content_info_get_src
widget_config_content_info_get_type	widget_config_content_info_get_type
widget_config_create	widget_config_create
widget_config_csp_info_allocate_security_rules	widget_config_csp_info_allocate_security_rules
widget_config_csp_report_info_allocate_security_rules	widget_config_csp_report_info_allocate_security_rules
widget_config_destroy	widget_config_destroy
widget_config_get_AddonInfo	widget_config_get_AddonInfo
widget_config_get_AllowedNavigationInfo	widget_config_get_AllowedNavigationInfo
widget_config_get_AppControlInfoList	widget_config_get_AppControlInfoList
widget_config_get_CategoryInfoList	widget_config_get_CategoryInfoList
widget_config_get_ContentInfo	widget_config_get_ContentInfo
widget_config_get_CSPInfo	widget_config_get_CSPInfo
widget_config_get_CSPReportInfo	widget_config_get_CSPReportInfo
widget_config_get_LaunchScreenInfo	widget_config_get_LaunchScreenInfo
widget_config_get_MetaDataInfo	widget_config_get_MetaDataInfo
widget_config_get_PermissionsInfo	widget_config_get_PermissionsInfo
widget_config_get_ProfileTagInfo	widget_config_get_ProfileTagInfo
widget_config_get_ServiceList	widget_config_get_ServiceList
widget_config_get_SettingInfo	widget_config_get_SettingInfo
widget_config_get_TizenApplicationInfo	widget_config_get_TizenApplicationInfo
widget_config_get_WarpInfo	widget_config_get_WarpInfo
widget_config_get_WidgetInfo	widget_config_get_WidgetInfo
widget_config_launch_screen_data_array_destroy	widget_config_launch_screen_data_array_destroy
widget_config_launch_screen_data_get_background_color	widget_config_launch_screen_data_get_background_color
widget_config_launch_screen_data_get_background_images	widget_config_launch_screen_data_get_background_images
widget_config_launch_screen_data_get_image_border	widget_config_launch_screen_data_get_image_border
widget_config_launch_screen_data_get_images	widget_config_launch_screen_data_get_images
widget_config_launch_screen_data_get_orientation	widget_config_launch_screen_data_get_orientation
widget_config_launch_screen_data_get_video	widget_config_launch_screen_data_get_video
widget_config_launch_screen_info_get_launch_screen_data	widget_config_launch_screen_info_get_launch_screen_data
widget_config_launch_screen_info_get_ready_when	widget_config_launch_screen_info_get_ready_when
widget_config_localized_string_array_destroy	widget_config_localized_string_array_destroy
widget_config_localized_string_get_lang	widget_config_localized_string_get_lang
widget_config_localized_string_get_value	widget_config_localized_string_get_value
widget_config_metadata_info_get_metadata	widget_config_metadata_info_get_metadata
widget_config_metadata_pair_array_destroy	widget_config_metadata_pair_array_destroy
widget_config_metadata_pair_get_key	widget_config_metadata_pair_get_key
widget_config_metadata_pair_get_value	widget_config_metadata_pair_get_value
widget_config_permissions_info_get_GetAPIPermissions	widget_config_permissions_info_get_GetAPIPermissions
widget_config_preference_info_array_destroy	widget_config_preference_info_array_destroy
widget_config_preference_info_get_name	widget_config_preference_info_get_name
widget_config_preference_info_get_readonly	widget_config_preference_info_get_readonly
widget_config_preference_info_get_value	widget_config_preference_info_get_value
widget_config_profile_tag_info_allocate_GetProfileType	widget_config_profile_tag_info_allocate_GetProfileType
widget_config_service_info_array_destroy	widget_config_service_info_array_destroy
widget_config_service_info_get_content	widget_config_service_info_get_content
widget_config_service_info_get_id	widget_config_service_info_get_id
widget_config_service_info_get_type	widget_config_service_info_get_type
widget_config_service_list_get_services	widget_config_service_list_get_services
widget_config_setting_info_get_backbutton_presence	widget_config_setting_info_get_backbutton_presence
widget_config_setting_info_get_background_support_enabled	widget_config_setting_info_get_background_support_enabled
widget_config_setting_info_get_background_vibration	widget_config_setting_info_get_background_vibration
widget_config_setting_info_get_context_menu_enabled	widget_config_setting_info_get_context_menu_enabled
widget_config_setting_info_get_encryption_enabled	widget_config_setting_info_get_encryption_enabled
widget_config_setting_info_get_hwkey_enabled	widget_config_setting_info_get_hwkey_enabled
widget_config_setting_info_get_long_polling	widget_config_setting_info_get_long_polling
widget_config_setting_info_get_screen_orientation	widget_config_setting_info_get_screen_orientation
widget_config_setting_info_get_sound_mode	widget_config_setting_info_get_sound_mode
widget_config_setting_info_has_long_polling	widget_config_setting_info_has_long_polling
widget_config_string_array_destroy	widget_config_string_array_destroy
widget_config_tizen_application_info_get_id	widget_config_tizen_application_info_get_id
widget_config_tizen_application_info_get_package	widget_config_tizen_application_info_get_package
widget_config_tizen_application_info_get_required_version	widget_config_tizen_application_info_get_required_version
widget_config_warp_info_get_access_map	widget_config_warp_info_get_access_map
widget_config_widget_info_get_author	widget_config_widget_info_get_author
widget_config_widget_info_get_author_email	widget_config_widget_info_get_author_email
widget_config_widget_info_get_author_href	widget_config_widget_info_get_author_href
widget_config_widget_info_get_default_locale	widget_config_widget_info_get_default_locale
widget_config_widget_info_get_description_set	widget_config_widget_info_get_description_set
widget_config_widget_info_get_height	widget_config_widget_info_get_height
widget_config_widget_info_get_id	widget_config_widget_info_get_id
widget_config_widget_info_get_name_set	widget_config_widget_info_get_name_set
widget_config_widget_info_get_preferences	widget_config_widget_info_get_preferences
widget_config_widget_info_get_short_name_set	widget_config_widget_info_get_short_name_set
widget_config_widget_info_get_version	widget_config_widget_info_get_version
widget_config_widget_info_get_view_modes	widget_config_widget_info_get_view_modes
widget_config_widget_info_get_width	widget_config_widget_info_get_width
